method_id,fold,decision_date,causal_history_cutoff,legal_history_rows,long_selected_feature_count,consensus_feature_count,consensus_family_count,consensus_weight_share,active,opportunity_rank,favorable_entry_20d
ADAPT-001,2024,2024-01-02,2024-01-01,714,14,13,3,0.9075191303494918,True,0.03221288515406162,1
ADAPT-001,2024,2024-01-03,2024-01-02,715,13,13,3,1.0,True,0.06433566433566433,1
ADAPT-001,2024,2024-01-04,2024-01-03,716,13,13,3,1.0,True,0.05027932960893855,1
ADAPT-001,2024,2024-01-05,2024-01-04,717,13,12,3,0.9119393993934295,True,0.05439330543933055,1
ADAPT-001,2024,2024-01-08,2024-01-07,718,13,12,3,0.9107440285623926,True,0.04456824512534819,1
ADAPT-001,2024,2024-01-09,2024-01-08,719,13,12,3,0.9101902100950452,True,0.04033379694019471,1
ADAPT-001,2024,2024-01-10,2024-01-09,720,13,12,3,0.9100689512778724,True,0.034722222222222224,1
ADAPT-001,2024,2024-01-11,2024-01-10,721,13,12,3,0.9078643549114944,True,0.04299583911234397,1
ADAPT-001,2024,2024-01-12,2024-01-11,722,16,15,3,0.9221063858955207,True,0.12049861495844875,1
ADAPT-001,2024,2024-01-16,2024-01-15,723,14,13,3,0.9124325680873017,True,0.04702627939142462,1
ADAPT-001,2024,2024-01-17,2024-01-16,724,14,13,3,0.9123089366642201,True,0.04834254143646409,1
ADAPT-001,2024,2024-01-18,2024-01-17,725,17,16,3,0.9241577575325227,True,0.05655172413793103,1
ADAPT-001,2024,2024-01-19,2024-01-18,726,16,15,3,0.925611629116942,True,0.0743801652892562,1
ADAPT-001,2024,2024-01-22,2024-01-21,727,16,15,3,0.9251848768719619,True,0.07840440165061899,1
ADAPT-001,2024,2024-01-23,2024-01-22,728,14,13,3,0.9190789849232271,True,0.0521978021978022,0
ADAPT-001,2024,2024-01-24,2024-01-23,729,16,16,3,0.9999999999999998,True,0.056241426611796985,1
ADAPT-001,2024,2024-01-25,2024-01-24,730,17,17,3,1.0000000000000002,True,0.050684931506849315,1
ADAPT-001,2024,2024-01-26,2024-01-25,731,16,16,3,0.9999999999999997,True,0.016415868673050615,1
ADAPT-001,2024,2024-01-29,2024-01-28,732,16,16,3,1.0,True,0.017759562841530054,1
ADAPT-001,2024,2024-01-30,2024-01-29,733,16,16,3,1.0,True,0.05184174624829468,1
ADAPT-001,2024,2024-01-31,2024-01-30,734,16,16,3,1.0,True,0.12670299727520437,1
ADAPT-001,2024,2024-02-01,2024-01-31,735,16,16,3,1.0000000000000002,True,0.19319727891156463,1
ADAPT-001,2024,2024-02-02,2024-02-01,736,16,15,3,0.9142917643426993,True,0.09510869565217392,1
ADAPT-001,2024,2024-02-05,2024-02-04,737,15,14,3,0.9111922879335201,True,0.048846675712347354,1
ADAPT-001,2024,2024-02-06,2024-02-05,738,15,14,3,0.9105748701514309,True,0.03116531165311653,1
ADAPT-001,2024,2024-02-07,2024-02-06,739,16,15,3,0.9116033167511582,True,0.04736129905277402,1
ADAPT-001,2024,2024-02-08,2024-02-07,740,15,14,3,0.8993999218722385,True,0.02702702702702703,1
ADAPT-001,2024,2024-02-09,2024-02-08,741,13,12,3,0.8986414515621638,True,0.020242914979757085,0
ADAPT-001,2024,2024-02-12,2024-02-11,742,14,13,3,0.9001740508921151,True,0.026954177897574125,1
ADAPT-001,2024,2024-02-13,2024-02-12,743,14,13,3,0.899622473419266,True,0.03230148048452221,1
ADAPT-001,2024,2024-02-14,2024-02-13,744,14,13,3,0.8995718141822777,True,0.026881720430107527,1
ADAPT-001,2024,2024-02-15,2024-02-14,745,13,12,3,0.9005171006441265,True,0.03758389261744966,0
ADAPT-001,2024,2024-02-16,2024-02-15,746,14,13,3,0.9003679200517156,True,0.029490616621983913,1
ADAPT-001,2024,2024-02-20,2024-02-19,747,14,12,3,0.8485395714071381,True,0.02677376171352075,1
ADAPT-001,2024,2024-02-21,2024-02-20,748,14,12,3,0.8482852826424557,True,0.03074866310160428,1
ADAPT-001,2024,2024-02-22,2024-02-21,749,13,11,3,0.8485424014273156,True,0.06141522029372497,1
ADAPT-001,2024,2024-02-23,2024-02-22,750,13,11,3,0.8503680515131518,True,0.04133333333333333,1
ADAPT-001,2024,2024-02-26,2024-02-25,751,13,11,3,0.8509060760268824,True,0.05459387483355526,1
ADAPT-001,2024,2024-02-27,2024-02-26,752,13,11,3,0.8504228680029065,True,0.07446808510638298,1
ADAPT-001,2024,2024-02-28,2024-02-27,753,13,10,3,0.6910510336240323,True,0.2204515272244356,1
ADAPT-001,2024,2024-02-29,2024-02-28,754,14,10,3,0.6765862921310901,True,0.11273209549071618,1
ADAPT-001,2024,2024-03-01,2024-02-29,755,13,8,3,0.629694231287756,True,0.09536423841059603,1
ADAPT-001,2024,2024-03-04,2024-03-03,756,12,8,3,0.6412699337125988,True,0.11904761904761904,0
ADAPT-001,2024,2024-03-05,2024-03-04,757,13,9,3,0.6463645361779871,True,0.1928665785997358,1
ADAPT-001,2024,2024-03-06,2024-03-05,758,12,7,3,0.5320547038606726,False,0.5,0
ADAPT-001,2024,2024-03-07,2024-03-06,759,13,8,3,0.5433154025425079,False,0.5,0
ADAPT-001,2024,2024-03-08,2024-03-07,760,13,8,3,0.5426523563019231,False,0.5,0
ADAPT-001,2024,2024-03-11,2024-03-10,761,13,7,3,0.5203894031847281,False,0.5,0
ADAPT-001,2024,2024-03-12,2024-03-11,762,13,7,3,0.5221811523825891,False,0.5,0
ADAPT-001,2024,2024-03-13,2024-03-12,763,12,7,3,0.5352830168253102,False,0.5,0
ADAPT-001,2024,2024-03-14,2024-03-13,764,12,7,3,0.5328114888686905,False,0.5,0
ADAPT-001,2024,2024-03-15,2024-03-14,765,13,8,3,0.5340273638450406,False,0.5,0
ADAPT-001,2024,2024-03-18,2024-03-17,766,13,8,3,0.5374524563511611,False,0.5,0
ADAPT-001,2024,2024-03-19,2024-03-18,767,14,8,3,0.5300624590968545,False,0.5,0
ADAPT-001,2024,2024-03-20,2024-03-19,768,14,7,3,0.5023295533416735,False,0.5,0
ADAPT-001,2024,2024-03-21,2024-03-20,769,13,7,3,0.508960734584323,False,0.5,0
ADAPT-001,2024,2024-03-22,2024-03-21,770,14,8,3,0.5353614352830883,False,0.5,0
ADAPT-001,2024,2024-03-25,2024-03-24,771,14,8,3,0.5243624299153509,False,0.5,0
ADAPT-001,2024,2024-03-26,2024-03-25,772,14,8,3,0.5222590118300692,False,0.5,0
ADAPT-001,2024,2024-03-27,2024-03-26,773,13,8,3,0.5638754277718884,False,0.5,0
ADAPT-001,2024,2024-03-28,2024-03-27,774,11,8,3,0.6444256916570203,True,0.2661498708010336,0
ADAPT-001,2024,2024-04-01,2024-03-31,775,12,8,3,0.6294503287115818,True,0.1032258064516129,0
ADAPT-001,2024,2024-04-02,2024-04-01,776,12,8,3,0.6310258293047213,True,0.18556701030927836,0
ADAPT-001,2024,2024-04-03,2024-04-02,777,12,8,3,0.6323702599778098,True,0.12998712998713,0
ADAPT-001,2024,2024-04-04,2024-04-03,778,13,9,3,0.641525233938342,True,0.09897172236503857,0
ADAPT-001,2024,2024-04-05,2024-04-04,779,13,9,3,0.6419763742141699,True,0.08087291399229782,0
ADAPT-001,2024,2024-04-08,2024-04-07,780,13,9,3,0.6420230963009705,True,0.1076923076923077,0
ADAPT-001,2024,2024-04-09,2024-04-08,781,12,8,3,0.5901624984012178,False,0.5,0
ADAPT-001,2024,2024-04-10,2024-04-09,782,13,8,3,0.5747805174595217,False,0.5,0
ADAPT-001,2024,2024-04-11,2024-04-10,783,12,8,3,0.6102144563435719,True,0.09323116219667944,0
ADAPT-001,2024,2024-04-12,2024-04-11,784,13,8,3,0.5951550055587383,False,0.5,0
ADAPT-001,2024,2024-04-15,2024-04-14,785,14,9,3,0.607657127634524,True,0.045859872611464965,1
ADAPT-001,2024,2024-04-16,2024-04-15,786,14,9,3,0.6087582478154531,True,0.04198473282442748,1
ADAPT-001,2024,2024-04-17,2024-04-16,787,14,10,3,0.6409774161539348,True,0.09021601016518424,1
ADAPT-001,2024,2024-04-18,2024-04-17,788,15,9,3,0.570634021168387,False,0.5,1
ADAPT-001,2024,2024-04-19,2024-04-18,789,15,10,3,0.6018429681686264,True,0.07477820025348543,1
ADAPT-001,2024,2024-04-22,2024-04-21,790,14,10,3,0.706721293967187,True,0.2569620253164557,1
ADAPT-001,2024,2024-04-23,2024-04-22,791,14,10,3,0.7554178172886545,True,0.27054361567635904,1
ADAPT-001,2024,2024-04-24,2024-04-23,792,14,10,3,0.7560122332464632,True,0.2398989898989899,1
ADAPT-001,2024,2024-04-25,2024-04-24,793,14,11,3,0.7791673460277854,True,0.2421185372005044,1
ADAPT-001,2024,2024-04-26,2024-04-25,794,13,11,3,0.8590262032384012,True,0.4193954659949622,1
ADAPT-001,2024,2024-04-29,2024-04-28,795,13,11,3,0.8605699898789233,True,0.40628930817610065,1
ADAPT-001,2024,2024-04-30,2024-04-29,796,14,11,3,0.8259672396535662,True,0.4685929648241206,1
ADAPT-001,2024,2024-05-01,2024-04-30,797,14,10,3,0.793085819502201,True,0.4880803011292346,1
ADAPT-001,2024,2024-05-02,2024-05-01,798,14,11,3,0.8354528215036692,True,0.5463659147869674,1
ADAPT-001,2024,2024-05-03,2024-05-02,799,13,11,3,0.8487540036104937,True,0.5469336670838548,1
ADAPT-001,2024,2024-05-06,2024-05-05,800,13,11,3,0.8493566310863339,True,0.47625,1
ADAPT-001,2024,2024-05-07,2024-05-06,801,14,12,3,0.8535844892485706,True,0.37203495630461925,1
ADAPT-001,2024,2024-05-08,2024-05-07,802,14,13,3,0.923051948755042,True,0.341645885286783,1
ADAPT-001,2024,2024-05-09,2024-05-08,803,15,13,3,0.8810809342374146,True,0.41843088418430885,1
ADAPT-001,2024,2024-05-10,2024-05-09,804,14,12,3,0.8794441838821989,True,0.2848258706467662,1
ADAPT-001,2024,2024-05-13,2024-05-12,805,15,13,3,0.8792794849346139,True,0.3217391304347826,1
ADAPT-001,2024,2024-05-14,2024-05-13,806,15,13,3,0.8785913301284203,True,0.38957816377171217,1
ADAPT-001,2024,2024-05-15,2024-05-14,807,15,12,3,0.8014622380025787,True,0.36926889714993805,1
ADAPT-001,2024,2024-05-16,2024-05-15,808,15,12,3,0.8032031191851777,True,0.3217821782178218,1
ADAPT-001,2024,2024-05-17,2024-05-16,809,15,13,3,0.8889724842978435,True,0.39060568603213847,1
ADAPT-001,2024,2024-05-20,2024-05-19,810,15,13,3,0.8892270658049477,True,0.3728395061728395,1
ADAPT-001,2024,2024-05-21,2024-05-20,811,15,13,3,0.8914171144553672,True,0.2885326757090012,1
ADAPT-001,2024,2024-05-22,2024-05-21,812,15,13,3,0.892534699981226,True,0.12931034482758622,1
ADAPT-001,2024,2024-05-23,2024-05-22,813,15,13,3,0.8973037939299943,True,0.1968019680196802,1
ADAPT-001,2024,2024-05-24,2024-05-23,814,15,13,3,0.8975815946341564,True,0.19901719901719903,1
ADAPT-001,2024,2024-05-28,2024-05-27,815,15,13,3,0.9008439274876268,True,0.18773006134969325,1
ADAPT-001,2024,2024-05-29,2024-05-28,816,15,13,3,0.9013652010553255,True,0.2340686274509804,1
ADAPT-001,2024,2024-05-30,2024-05-29,817,15,13,3,0.8975272198977655,True,0.3182374541003672,1
ADAPT-001,2024,2024-05-31,2024-05-30,818,14,13,3,0.9246987766340317,True,0.2823960880195599,1
ADAPT-001,2024,2024-06-03,2024-06-02,819,15,14,3,0.9270941489567923,True,0.2576312576312576,1
ADAPT-001,2024,2024-06-04,2024-06-03,820,15,14,3,0.9274094434101136,True,0.2548780487804878,1
ADAPT-001,2024,2024-06-05,2024-06-04,821,14,14,3,1.0,True,0.2582216808769793,1
ADAPT-001,2024,2024-06-06,2024-06-05,822,14,14,3,1.0,True,0.170316301703163,1
ADAPT-001,2024,2024-06-07,2024-06-06,823,14,14,3,1.0,True,0.1324422843256379,1
ADAPT-001,2024,2024-06-10,2024-06-09,824,14,14,3,0.9999999999999998,True,0.16019417475728157,1
ADAPT-001,2024,2024-06-11,2024-06-10,825,14,14,3,1.0,True,0.17454545454545456,1
ADAPT-001,2024,2024-06-12,2024-06-11,826,14,14,3,0.9999999999999998,True,0.15254237288135594,1
ADAPT-001,2024,2024-06-13,2024-06-12,827,14,14,3,1.0,True,0.14631197097944376,1
ADAPT-001,2024,2024-06-14,2024-06-13,828,14,13,3,0.9159600098466077,True,0.16908212560386474,1
ADAPT-001,2024,2024-06-17,2024-06-16,829,15,14,3,0.9181936540335063,True,0.14475271411338964,1
ADAPT-001,2024,2024-06-18,2024-06-17,830,15,14,3,0.9188252737807417,True,0.1614457831325301,0
ADAPT-001,2024,2024-06-20,2024-06-19,831,15,14,3,0.9173973195504735,True,0.15764139590854392,0
ADAPT-001,2024,2024-06-21,2024-06-20,832,15,14,3,0.9174166637754959,True,0.16947115384615385,0
ADAPT-001,2024,2024-06-24,2024-06-23,833,14,13,3,0.9033617413437481,True,0.09723889555822329,0
ADAPT-001,2024,2024-06-25,2024-06-24,834,13,13,3,0.9999999999999999,True,0.11630695443645084,0
ADAPT-001,2024,2024-06-26,2024-06-25,835,13,11,3,0.936280922377822,True,0.12574850299401197,0
ADAPT-001,2024,2024-06-27,2024-06-26,836,13,11,3,0.9361280001605395,True,0.1937799043062201,0
ADAPT-001,2024,2024-06-28,2024-06-27,837,12,10,3,0.9226905942999262,True,0.18996415770609318,0
ADAPT-001,2024,2024-07-01,2024-06-30,838,12,10,3,0.9207109938616012,True,0.220763723150358,0
ADAPT-001,2024,2024-07-02,2024-07-01,839,12,10,3,0.9202232923370509,True,0.21096543504171633,0
ADAPT-001,2024,2024-07-03,2024-07-02,840,12,11,3,0.9607896058237329,True,0.21428571428571427,0
ADAPT-001,2024,2024-07-05,2024-07-04,841,13,11,3,0.9365963087871227,True,0.20214030915576695,0
ADAPT-001,2024,2024-07-08,2024-07-07,842,12,12,3,1.0000000000000002,True,0.17695961995249407,0
ADAPT-001,2024,2024-07-09,2024-07-08,843,13,12,3,0.971787319762992,True,0.1708185053380783,0
ADAPT-001,2024,2024-07-10,2024-07-09,844,12,11,3,0.9616003812402499,True,0.16824644549763032,0
ADAPT-001,2024,2024-07-11,2024-07-10,845,12,11,3,0.9623525427814665,True,0.11834319526627218,0
ADAPT-001,2024,2024-07-12,2024-07-11,846,12,11,3,0.9627001110264348,True,0.17494089834515367,0
ADAPT-001,2024,2024-07-15,2024-07-14,847,12,11,3,0.962786115334121,True,0.1381345926800472,0
ADAPT-001,2024,2024-07-16,2024-07-15,848,12,11,3,0.9627627533018379,True,0.18867924528301888,0
ADAPT-001,2024,2024-07-17,2024-07-16,849,12,11,3,0.9673155121912344,True,0.1248527679623086,0
ADAPT-001,2024,2024-07-18,2024-07-17,850,12,10,3,0.8995462782814072,True,0.18470588235294116,0
ADAPT-001,2024,2024-07-19,2024-07-18,851,13,11,3,0.9146682944252124,True,0.1927144535840188,0
ADAPT-001,2024,2024-07-22,2024-07-21,852,13,11,3,0.9148986511541278,True,0.1784037558685446,0
ADAPT-001,2024,2024-07-23,2024-07-22,853,13,11,3,0.9260050733392379,True,0.20984759671746775,0
ADAPT-001,2024,2024-07-24,2024-07-23,854,12,11,3,0.9488968452975108,True,0.36533957845433257,0
ADAPT-001,2024,2024-07-25,2024-07-24,855,12,11,3,0.9508809997673859,True,0.37660818713450295,0
ADAPT-001,2024,2024-07-26,2024-07-25,856,12,11,3,0.9510173696801595,True,0.3516355140186916,0
ADAPT-001,2024,2024-07-29,2024-07-28,857,10,9,3,0.9490123502372835,True,0.3500583430571762,0
ADAPT-001,2024,2024-07-30,2024-07-29,858,11,10,3,0.9566496084099899,True,0.4358974358974359,0
ADAPT-001,2024,2024-07-31,2024-07-30,859,11,10,3,0.956948444145681,True,0.3969732246798603,0
ADAPT-001,2024,2024-08-01,2024-07-31,860,11,10,3,0.9570137780647299,True,0.45930232558139533,1
ADAPT-001,2024,2024-08-02,2024-08-01,861,11,10,3,0.9572745281113287,True,0.5574912891986062,1
ADAPT-001,2024,2024-08-05,2024-08-04,862,11,10,3,0.9591370081672603,True,0.6948955916473318,1
ADAPT-001,2024,2024-08-06,2024-08-05,863,11,10,3,0.9593129346472438,True,0.6987253765932793,1
ADAPT-001,2024,2024-08-07,2024-08-06,864,11,10,3,0.9594917944320648,True,0.71875,1
ADAPT-001,2024,2024-08-08,2024-08-07,865,11,10,3,0.9578545065215696,True,0.7213872832369942,0
ADAPT-001,2024,2024-08-09,2024-08-08,866,11,10,3,0.9587875929468145,True,0.7090069284064665,1
ADAPT-001,2024,2024-08-12,2024-08-11,867,11,10,3,0.9614601280753823,True,0.6735870818915801,1
ADAPT-001,2024,2024-08-13,2024-08-12,868,11,10,3,0.963501449431349,True,0.6935483870967742,1
ADAPT-001,2024,2024-08-14,2024-08-13,869,12,10,3,0.9462508189865022,True,0.669735327963176,0
ADAPT-001,2024,2024-08-15,2024-08-14,870,14,11,3,0.9238638779849494,True,0.5908045977011495,0
ADAPT-001,2024,2024-08-16,2024-08-15,871,14,13,3,0.9689269155538609,True,0.6383467278989667,0
ADAPT-001,2024,2024-08-19,2024-08-18,872,14,13,3,0.9690397587195106,True,0.5974770642201835,0
ADAPT-001,2024,2024-08-20,2024-08-19,873,16,13,3,0.8788238581403811,True,0.6231386025200458,0
ADAPT-001,2024,2024-08-21,2024-08-20,874,14,12,3,0.9065203638809539,True,0.5926773455377574,0
ADAPT-001,2024,2024-08-22,2024-08-21,875,14,12,3,0.905955438357361,True,0.5531428571428572,0
ADAPT-001,2024,2024-08-23,2024-08-22,876,14,12,3,0.905907809958693,True,0.593607305936073,0
ADAPT-001,2024,2024-08-26,2024-08-25,877,15,13,3,0.9094172990551569,True,0.5313568985176739,1
ADAPT-001,2024,2024-08-27,2024-08-26,878,14,12,3,0.8985041859849404,True,0.5546697038724373,0
ADAPT-001,2024,2024-08-28,2024-08-27,879,14,12,3,0.8974109201667391,True,0.5597269624573379,1
ADAPT-001,2024,2024-08-29,2024-08-28,880,13,12,3,0.9152459731870498,True,0.5829545454545455,1
ADAPT-001,2024,2024-08-30,2024-08-29,881,13,12,3,0.9155247567398741,True,0.5573212258796821,1
ADAPT-001,2024,2024-09-03,2024-09-02,882,12,11,3,0.9145180335770648,True,0.6054421768707483,1
ADAPT-001,2024,2024-09-04,2024-09-03,883,13,12,3,0.923467177018856,True,0.6262740656851642,1
ADAPT-001,2024,2024-09-05,2024-09-04,884,13,11,3,0.8990874022415299,True,0.6085972850678733,1
ADAPT-001,2024,2024-09-06,2024-09-05,885,14,10,3,0.845188760354158,True,0.6248587570621469,1
ADAPT-001,2024,2024-09-09,2024-09-08,886,14,12,3,0.9065931225407845,True,0.6218961625282167,1
ADAPT-001,2024,2024-09-10,2024-09-09,887,18,16,3,0.9296246057713224,True,0.5907553551296505,1
ADAPT-001,2024,2024-09-11,2024-09-10,888,17,15,3,0.9287991719356952,True,0.5529279279279279,1
ADAPT-001,2024,2024-09-12,2024-09-11,889,20,18,3,0.9309077674475464,True,0.5061867266591676,1
ADAPT-001,2024,2024-09-13,2024-09-12,890,19,16,3,0.9166657385574495,True,0.4348314606741573,1
ADAPT-001,2024,2024-09-16,2024-09-15,891,18,15,3,0.9195105105857363,True,0.4152637485970819,1
ADAPT-001,2024,2024-09-17,2024-09-16,892,17,14,3,0.9543225861904336,True,0.4047085201793722,1
ADAPT-001,2024,2024-09-18,2024-09-17,893,15,14,3,0.9847948450387326,True,0.41881298992161253,1
ADAPT-001,2024,2024-09-19,2024-09-18,894,15,15,3,1.0000000000000002,True,0.32662192393736017,1
ADAPT-001,2024,2024-09-20,2024-09-19,895,15,15,3,0.9999999999999999,True,0.376536312849162,1
ADAPT-001,2024,2024-09-23,2024-09-22,896,15,15,3,0.9999999999999999,True,0.31473214285714285,1
ADAPT-001,2024,2024-09-24,2024-09-23,897,15,15,3,1.0,True,0.29654403567447046,1
ADAPT-001,2024,2024-09-25,2024-09-24,898,18,16,3,0.9146054475703405,True,0.3207126948775056,0
ADAPT-001,2024,2024-09-26,2024-09-25,899,20,18,3,0.918912998238916,True,0.20578420467185762,0
ADAPT-001,2024,2024-09-27,2024-09-26,900,19,17,3,0.9175587894173148,True,0.3288888888888889,0
ADAPT-001,2024,2024-09-30,2024-09-29,901,21,19,3,0.9225863618235557,True,0.19089900110987792,0
ADAPT-001,2024,2024-10-01,2024-09-30,902,23,20,3,0.9114769061388047,True,0.42017738359201773,1
ADAPT-001,2024,2024-10-02,2024-10-01,903,22,19,3,0.9051460815400781,True,0.4053156146179402,1
ADAPT-001,2024,2024-10-03,2024-10-02,904,22,20,3,0.9619287149095466,True,0.40707964601769914,0
ADAPT-001,2024,2024-10-04,2024-10-03,905,24,22,3,0.9638510649385313,True,0.3027624309392265,0
ADAPT-001,2024,2024-10-07,2024-10-06,906,25,23,3,0.9665393241797536,True,0.4304635761589404,0
ADAPT-001,2024,2024-10-08,2024-10-07,907,26,24,3,0.9674385838071674,True,0.3219404630650496,0
ADAPT-001,2024,2024-10-09,2024-10-08,908,26,24,3,0.9679969747320888,True,0.19162995594713655,1
ADAPT-001,2024,2024-10-10,2024-10-09,909,28,26,3,0.9700105203335194,True,0.24972497249724973,1
ADAPT-001,2024,2024-10-11,2024-10-10,910,28,26,3,0.9752764932979653,True,0.1054945054945055,1
ADAPT-001,2024,2024-10-14,2024-10-13,911,31,28,3,0.9537410717180306,True,0.04939626783754116,1
ADAPT-001,2024,2024-10-15,2024-10-14,912,30,26,3,0.945525331059794,True,0.27850877192982454,1
ADAPT-001,2024,2024-10-16,2024-10-15,913,31,26,3,0.9319044954753122,True,0.21796276013143484,0
ADAPT-001,2024,2024-10-17,2024-10-16,914,30,25,3,0.9319029548441904,True,0.1652078774617068,0
ADAPT-001,2024,2024-10-18,2024-10-17,915,28,23,3,0.9275139726369149,True,0.06229508196721312,0
ADAPT-001,2024,2024-10-21,2024-10-20,916,28,24,3,0.9516642306663337,True,0.1572052401746725,0
ADAPT-001,2024,2024-10-22,2024-10-21,917,26,22,3,0.9471008261619157,True,0.183206106870229,0
ADAPT-001,2024,2024-10-23,2024-10-22,918,25,21,3,0.9458340171213007,True,0.3420479302832244,0
ADAPT-001,2024,2024-10-24,2024-10-23,919,24,21,3,0.9626984631077022,True,0.338411316648531,1
ADAPT-001,2024,2024-10-25,2024-10-24,920,23,20,3,0.9624473011666511,True,0.3119565217391304,1
ADAPT-001,2024,2024-10-28,2024-10-27,921,24,21,3,0.9623262165534651,True,0.2671009771986971,1
ADAPT-001,2024,2024-10-29,2024-10-28,922,25,22,3,0.9637731154195209,True,0.23427331887201736,1
ADAPT-001,2024,2024-10-30,2024-10-29,923,24,21,3,0.9620701413318734,True,0.27518959913326113,1
ADAPT-001,2024,2024-10-31,2024-10-30,924,23,20,3,0.9604982352479388,True,0.5108225108225108,1
ADAPT-001,2024,2024-11-01,2024-10-31,925,23,20,3,0.9589790302308749,True,0.5005405405405405,1
ADAPT-001,2024,2024-11-04,2024-11-03,926,23,20,3,0.961150217997122,True,0.5367170626349892,1
ADAPT-001,2024,2024-11-05,2024-11-04,927,25,21,3,0.9466005362087117,True,0.48220064724919093,1
ADAPT-001,2024,2024-11-06,2024-11-05,928,24,20,3,0.9453002361934792,True,0.21120689655172414,1
ADAPT-001,2024,2024-11-07,2024-11-06,929,24,20,3,0.9439535050694868,True,0.16792249730893433,0
ADAPT-001,2024,2024-11-08,2024-11-07,930,25,21,3,0.9451575854127491,True,0.17204301075268819,0
ADAPT-001,2024,2024-11-11,2024-11-10,931,24,21,3,0.9558072013111802,True,0.16970998925886144,0
ADAPT-001,2024,2024-11-12,2024-11-11,932,24,21,3,0.955396952616759,True,0.29935622317596566,0
ADAPT-001,2024,2024-11-13,2024-11-12,933,25,21,3,0.9469831156143887,True,0.2497320471596999,0
ADAPT-001,2024,2024-11-14,2024-11-13,934,25,21,3,0.9436948899597863,True,0.367237687366167,1
ADAPT-001,2024,2024-11-15,2024-11-14,935,25,21,3,0.9428154047808659,True,0.48770053475935826,1
ADAPT-001,2024,2024-11-18,2024-11-17,936,25,21,3,0.9428267135028644,True,0.4797008547008547,1
ADAPT-001,2024,2024-11-19,2024-11-18,937,25,21,3,0.9410684698090567,True,0.46744930629669157,0
ADAPT-001,2024,2024-11-20,2024-11-19,938,25,22,3,0.9513645726191337,True,0.4680170575692964,0
ADAPT-001,2024,2024-11-21,2024-11-20,939,25,23,3,0.9718624694500163,True,0.4185303514376997,0
ADAPT-001,2024,2024-11-22,2024-11-21,940,25,23,3,0.9720049682013931,True,0.34574468085106386,0
ADAPT-001,2024,2024-11-25,2024-11-24,941,25,23,3,0.9717635145215066,True,0.33049946865037194,0
ADAPT-001,2024,2024-11-26,2024-11-25,942,27,24,3,0.9618584307730288,True,0.13694267515923567,0
ADAPT-001,2024,2024-11-27,2024-11-26,943,27,23,3,0.9378915491929207,True,0.3181336161187699,0
ADAPT-001,2024,2024-11-29,2024-11-28,944,27,23,3,0.9379104177118601,True,0.1419491525423729,0
ADAPT-001,2024,2024-12-02,2024-12-01,945,26,23,3,0.9463355503866434,True,0.10793650793650794,0
ADAPT-001,2024,2024-12-03,2024-12-02,946,25,22,3,0.9501850771423098,True,0.0824524312896406,0
ADAPT-001,2024,2024-12-04,2024-12-03,947,25,22,3,0.949464817285662,True,0.07708553326293559,0
ADAPT-001,2024,2024-12-05,2024-12-04,948,26,23,3,0.9509532751901056,True,0.15928270042194093,0
ADAPT-001,2024,2024-12-06,2024-12-05,949,25,23,2,0.9508393422698922,True,0.07692307692307693,0
ADAPT-001,2024,2024-12-09,2024-12-08,950,26,22,2,0.906036565772966,True,0.26631578947368423,0
ADAPT-001,2024,2024-12-10,2024-12-09,951,26,22,2,0.8944156314975811,True,0.31650893796004204,0
ADAPT-001,2024,2024-12-11,2024-12-10,952,25,21,2,0.8923233466629132,True,0.19432773109243698,0
ADAPT-001,2024,2024-12-12,2024-12-11,953,28,24,3,0.9112606931025404,True,0.3378803777544596,0
ADAPT-001,2024,2024-12-13,2024-12-12,954,26,25,3,0.9612398296257016,True,0.3238993710691824,0
ADAPT-001,2024,2024-12-16,2024-12-15,955,28,26,3,0.9373089838667789,True,0.2450261780104712,0
ADAPT-001,2024,2024-12-17,2024-12-16,956,28,26,3,0.9377071785064229,True,0.33368200836820083,0
ADAPT-001,2024,2024-12-18,2024-12-17,957,29,27,3,0.9389050128588264,True,0.7241379310344828,1
ADAPT-001,2024,2024-12-19,2024-12-18,958,29,26,3,0.9273093051913845,True,0.7286012526096033,1
ADAPT-001,2024,2024-12-20,2024-12-19,959,30,27,3,0.9300492224509204,True,0.7142857142857143,1
ADAPT-001,2024,2024-12-23,2024-12-22,960,29,26,3,0.927395530433955,True,0.621875,0
ADAPT-001,2024,2024-12-24,2024-12-23,961,27,25,3,0.9478042729642459,True,0.5421436004162331,0
ADAPT-001,2024,2024-12-26,2024-12-25,962,26,25,3,0.9597443058648053,True,0.4802494802494803,0
ADAPT-001,2024,2024-12-27,2024-12-26,963,25,24,3,0.9577855702055302,True,0.5939771547248183,1
ADAPT-001,2024,2024-12-30,2024-12-29,964,25,24,3,0.9577840219471901,True,0.7282157676348547,1
ADAPT-001,2024,2024-12-31,2024-12-30,965,25,24,3,0.9570238151914654,True,0.7450777202072539,1
ADAPT-001,2025,2025-01-02,2025-01-01,966,26,25,3,0.9578918964373452,True,0.7432712215320911,0
ADAPT-001,2025,2025-01-03,2025-01-02,967,25,24,3,0.955385429285222,True,0.6421923474663909,0
ADAPT-001,2025,2025-01-06,2025-01-05,968,25,24,3,0.9556315057566538,True,0.5836776859504132,0
ADAPT-001,2025,2025-01-07,2025-01-06,969,26,24,3,0.9431701033777464,True,0.6749226006191951,1
ADAPT-001,2025,2025-01-08,2025-01-07,970,25,23,3,0.880907293883855,True,0.6804123711340206,1
ADAPT-001,2025,2025-01-10,2025-01-09,971,25,23,3,0.8826257074029592,True,0.787847579814624,1
ADAPT-001,2025,2025-01-13,2025-01-12,972,24,22,3,0.880700640321645,True,0.7736625514403292,1
ADAPT-001,2025,2025-01-14,2025-01-13,973,25,23,3,0.8845721587026771,True,0.774922918807811,1
ADAPT-001,2025,2025-01-15,2025-01-14,974,27,25,3,0.8944106462395492,True,0.7125256673511293,1
ADAPT-001,2025,2025-01-16,2025-01-15,975,28,25,3,0.8557129548894788,True,0.7230769230769231,0
ADAPT-001,2025,2025-01-17,2025-01-16,976,28,25,3,0.8559744431182582,True,0.5778688524590164,0
ADAPT-001,2025,2025-01-21,2025-01-20,977,29,25,3,0.8274812159366366,True,0.42067553735926305,0
ADAPT-001,2025,2025-01-22,2025-01-21,978,28,24,3,0.8522048105896995,True,0.3282208588957055,0
ADAPT-001,2025,2025-01-23,2025-01-22,979,28,24,3,0.8534380201611235,True,0.21348314606741572,0
ADAPT-001,2025,2025-01-24,2025-01-23,980,28,26,3,0.926582001574827,True,0.413265306122449,0
ADAPT-001,2025,2025-01-27,2025-01-26,981,28,26,3,0.9269636605069302,True,0.654434250764526,0
ADAPT-001,2025,2025-01-28,2025-01-27,982,29,26,3,0.9145310066897351,True,0.5407331975560081,0
ADAPT-001,2025,2025-01-29,2025-01-28,983,29,26,3,0.9139987036756908,True,0.5961342828077314,0
ADAPT-001,2025,2025-01-30,2025-01-29,984,29,26,3,0.9146743300083908,True,0.508130081300813,0
ADAPT-001,2025,2025-01-31,2025-01-30,985,30,26,3,0.8810481410083318,True,0.5532994923857868,0
ADAPT-001,2025,2025-02-03,2025-02-02,986,28,24,3,0.8794300646485306,True,0.6551724137931034,0
ADAPT-001,2025,2025-02-04,2025-02-03,987,28,24,3,0.8789361929523459,True,0.6119554204660588,0
ADAPT-001,2025,2025-02-05,2025-02-04,988,28,24,3,0.878194730288697,True,0.5890688259109311,0
ADAPT-001,2025,2025-02-06,2025-02-05,989,29,25,3,0.8800334544132717,True,0.5136501516683518,0
ADAPT-001,2025,2025-02-07,2025-02-06,990,29,25,3,0.8818800655830986,True,0.6333333333333333,0
ADAPT-001,2025,2025-02-10,2025-02-09,991,29,25,3,0.8816442748062271,True,0.5227043390514632,0
ADAPT-001,2025,2025-02-11,2025-02-10,992,29,26,3,0.9189298053871383,True,0.5352822580645161,0
ADAPT-001,2025,2025-02-12,2025-02-11,993,31,27,3,0.9068781923622524,True,0.5891238670694864,0
ADAPT-001,2025,2025-02-13,2025-02-12,994,31,28,3,0.9573727102597669,True,0.4738430583501006,0
ADAPT-001,2025,2025-02-14,2025-02-13,995,31,28,3,0.9569033989595092,True,0.43517587939698493,0
ADAPT-001,2025,2025-02-18,2025-02-17,996,31,28,3,0.9573853883657472,True,0.3102409638554217,0
ADAPT-001,2025,2025-02-19,2025-02-18,997,30,27,3,0.9224758530316335,True,0.3149448345035105,0
ADAPT-001,2025,2025-02-20,2025-02-19,998,29,27,3,0.935444436947479,True,0.48697394789579157,0
ADAPT-001,2025,2025-02-21,2025-02-20,999,30,28,3,0.9378799277920213,True,0.7167167167167167,0
ADAPT-001,2025,2025-02-24,2025-02-23,1000,30,28,3,0.9391664291630101,True,0.748,0
ADAPT-001,2025,2025-02-25,2025-02-24,1001,32,30,3,0.9431844332808815,True,0.7942057942057942,0
ADAPT-001,2025,2025-02-26,2025-02-25,1002,33,31,3,0.9452989152499153,True,0.7934131736526946,0
ADAPT-001,2025,2025-02-27,2025-02-26,1003,32,30,3,0.9454846996527174,True,0.8813559322033898,0
ADAPT-001,2025,2025-02-28,2025-02-27,1004,32,30,3,0.9462966214654058,True,0.8346613545816733,0
ADAPT-001,2025,2025-03-03,2025-03-02,1005,33,31,3,0.9487226380184799,True,0.9293532338308458,0
ADAPT-001,2025,2025-03-04,2025-03-03,1006,33,31,3,0.9497281467349907,True,0.9383697813121272,0
ADAPT-001,2025,2025-03-05,2025-03-04,1007,33,29,3,0.8812816686885587,True,0.9096325719960278,0
ADAPT-001,2025,2025-03-06,2025-03-05,1008,33,29,3,0.8818593503414125,True,0.933531746031746,0
ADAPT-001,2025,2025-03-07,2025-03-06,1009,33,28,3,0.8553868583055002,True,0.9147670961347869,0
ADAPT-001,2025,2025-03-10,2025-03-09,1010,34,29,3,0.8599458199844479,True,0.9673267326732673,0
ADAPT-001,2025,2025-03-11,2025-03-10,1011,35,30,3,0.8641903921531239,True,0.9663699307616221,0
ADAPT-001,2025,2025-03-12,2025-03-11,1012,35,30,3,0.8653774822012475,True,0.9604743083003953,0
ADAPT-001,2025,2025-03-13,2025-03-12,1013,35,30,3,0.8666364354738897,True,0.9723593287265548,0
ADAPT-001,2025,2025-03-14,2025-03-13,1014,36,30,3,0.8372304668042996,True,0.9181459566074951,0
ADAPT-001,2025,2025-03-17,2025-03-16,1015,36,29,3,0.78955710219395,True,0.8896551724137931,0
ADAPT-001,2025,2025-03-18,2025-03-17,1016,36,29,3,0.7902704902698378,True,0.9045275590551181,0
ADAPT-001,2025,2025-03-19,2025-03-18,1017,36,29,3,0.7903895692653923,True,0.887905604719764,0
ADAPT-001,2025,2025-03-20,2025-03-19,1018,36,29,3,0.7899870197520173,True,0.8752455795677799,0
ADAPT-001,2025,2025-03-21,2025-03-20,1019,36,29,3,0.7900528645811455,True,0.8518155053974484,0
ADAPT-001,2025,2025-03-24,2025-03-23,1020,36,28,3,0.7773116722570491,True,0.734313725490196,0
ADAPT-001,2025,2025-03-25,2025-03-24,1021,35,27,3,0.7675026257263143,True,0.7081292850146915,0
ADAPT-001,2025,2025-03-26,2025-03-25,1022,35,27,3,0.7670368373768883,True,0.799412915851272,0
ADAPT-001,2025,2025-03-27,2025-03-26,1023,34,25,3,0.7330989386444631,True,0.8074291300097751,0
ADAPT-001,2025,2025-03-28,2025-03-27,1024,33,24,3,0.730271245043242,True,0.9072265625,0
ADAPT-001,2025,2025-03-31,2025-03-30,1025,33,24,3,0.7282785651153468,True,0.8946341463414634,0
ADAPT-001,2025,2025-04-01,2025-03-31,1026,34,25,3,0.7297367027614887,True,0.8567251461988304,0
ADAPT-001,2025,2025-04-02,2025-04-01,1027,34,25,3,0.7307206118157141,True,0.7896786757546251,0
ADAPT-001,2025,2025-04-03,2025-04-02,1028,34,25,3,0.7159043386218996,True,0.9708171206225681,0
ADAPT-001,2025,2025-04-04,2025-04-03,1029,34,24,3,0.7001763327938211,True,0.9970845481049563,1
ADAPT-001,2025,2025-04-07,2025-04-06,1030,34,24,3,0.6993838272053159,True,0.9970873786407767,0
ADAPT-001,2025,2025-04-08,2025-04-07,1031,34,24,3,0.6989083767567441,True,0.9980601357904947,1
ADAPT-001,2025,2025-04-09,2025-04-08,1032,34,24,3,0.6965298505973783,True,0.9079457364341085,1
ADAPT-001,2025,2025-04-10,2025-04-09,1033,35,23,3,0.6378119754849692,True,0.957405614714424,1
ADAPT-001,2025,2025-04-11,2025-04-10,1034,34,21,3,0.5836866634098236,False,0.5,0
ADAPT-001,2025,2025-04-14,2025-04-13,1035,35,22,3,0.5855624820446655,False,0.5,0
ADAPT-001,2025,2025-04-15,2025-04-14,1036,34,22,3,0.6017387904428365,True,0.9005791505791506,1
ADAPT-001,2025,2025-04-16,2025-04-15,1037,33,20,3,0.5596779285268891,False,0.5,1
ADAPT-001,2025,2025-04-17,2025-04-16,1038,32,19,3,0.5355325280719211,False,0.5,1
ADAPT-001,2025,2025-04-21,2025-04-20,1039,32,19,3,0.5363413252303201,False,0.5,1
ADAPT-001,2025,2025-04-22,2025-04-21,1040,32,19,3,0.53773366464058,False,0.5,1
ADAPT-001,2025,2025-04-23,2025-04-22,1041,29,17,3,0.5366139497363197,False,0.5,1
ADAPT-001,2025,2025-04-24,2025-04-23,1042,29,17,3,0.5362409416415538,False,0.5,1
ADAPT-001,2025,2025-04-25,2025-04-24,1043,28,18,3,0.5869165108311485,False,0.5,1
ADAPT-001,2025,2025-04-28,2025-04-27,1044,28,18,3,0.58874277613028,False,0.5,1
ADAPT-001,2025,2025-04-29,2025-04-28,1045,28,18,3,0.5885485456669827,False,0.5,1
ADAPT-001,2025,2025-04-30,2025-04-29,1046,28,18,3,0.5956879917955176,False,0.5,1
ADAPT-001,2025,2025-05-01,2025-04-30,1047,28,18,3,0.5994597581681701,False,0.5,1
ADAPT-001,2025,2025-05-02,2025-05-01,1048,27,17,3,0.5607854457815455,False,0.5,1
ADAPT-001,2025,2025-05-05,2025-05-04,1049,27,19,3,0.6416605578909015,True,0.32221163012392756,1
ADAPT-001,2025,2025-05-06,2025-05-05,1050,27,19,3,0.6357814971146258,True,0.41523809523809524,1
ADAPT-001,2025,2025-05-07,2025-05-06,1051,27,19,3,0.6352120664102165,True,0.39866793529971456,1
ADAPT-001,2025,2025-05-08,2025-05-07,1052,27,19,3,0.6339592336989998,True,0.38022813688212925,1
ADAPT-001,2025,2025-05-09,2025-05-08,1053,29,20,3,0.6063836452115823,True,0.3181386514719848,1
ADAPT-001,2025,2025-05-12,2025-05-11,1054,29,21,3,0.6613233087088558,True,0.27609108159392787,1
ADAPT-001,2025,2025-05-13,2025-05-12,1055,29,23,3,0.7741195248243891,True,0.13744075829383887,1
ADAPT-001,2025,2025-05-14,2025-05-13,1056,27,22,3,0.7862241148526832,True,0.16003787878787878,1
ADAPT-001,2025,2025-05-15,2025-05-14,1057,29,23,3,0.77986885204908,True,0.17880794701986755,0
ADAPT-001,2025,2025-05-16,2025-05-15,1058,29,24,3,0.8176995202191468,True,0.10680529300567108,1
ADAPT-001,2025,2025-05-19,2025-05-18,1059,29,25,3,0.8356678789985075,True,0.0679886685552408,0
ADAPT-001,2025,2025-05-20,2025-05-19,1060,30,27,3,0.8730484426192942,True,0.17452830188679244,0
ADAPT-001,2025,2025-05-21,2025-05-20,1061,29,28,3,0.9318206879751386,True,0.4533459000942507,1
ADAPT-001,2025,2025-05-22,2025-05-21,1062,30,29,3,0.933068589160026,True,0.448210922787194,1
ADAPT-001,2025,2025-05-23,2025-05-22,1063,30,29,3,0.9334618117257748,True,0.51552210724365,1
ADAPT-001,2025,2025-05-27,2025-05-26,1064,29,28,3,0.9326932488233705,True,0.39473684210526316,1
ADAPT-001,2025,2025-05-28,2025-05-27,1065,29,28,3,0.9335658272406906,True,0.4723004694835681,1
ADAPT-001,2025,2025-05-29,2025-05-28,1066,28,27,3,0.9332253655469184,True,0.40619136960600377,1
ADAPT-001,2025,2025-05-30,2025-05-29,1067,29,28,3,0.9374843036013304,True,0.46485473289597,1
ADAPT-001,2025,2025-06-02,2025-06-01,1068,29,28,3,0.9375476926203262,True,0.40636704119850187,1
ADAPT-001,2025,2025-06-03,2025-06-02,1069,29,28,3,0.9374731108211292,True,0.3274087932647334,1
ADAPT-001,2025,2025-06-04,2025-06-03,1070,28,27,3,0.9346847559285831,True,0.27102803738317754,1
ADAPT-001,2025,2025-06-05,2025-06-04,1071,28,24,3,0.8825572008933487,True,0.3622782446311858,1
ADAPT-001,2025,2025-06-06,2025-06-05,1072,27,24,3,0.8949924656735662,True,0.22201492537313433,1
ADAPT-001,2025,2025-06-09,2025-06-08,1073,29,25,3,0.8599743146282918,True,0.1966449207828518,1
ADAPT-001,2025,2025-06-10,2025-06-09,1074,26,21,3,0.7863093905718814,True,0.22439478584729983,1
ADAPT-001,2025,2025-06-11,2025-06-10,1075,24,20,3,0.8335036562259734,True,0.3916279069767442,1
ADAPT-001,2025,2025-06-12,2025-06-11,1076,22,20,3,0.8981698616304558,True,0.25464684014869887,1
ADAPT-001,2025,2025-06-13,2025-06-12,1077,22,21,3,0.9793052594922315,True,0.4911792014856082,1
ADAPT-001,2025,2025-06-16,2025-06-15,1078,22,21,3,0.9791071370096235,True,0.4025974025974026,1
ADAPT-001,2025,2025-06-17,2025-06-16,1079,21,20,3,0.9590642610546588,True,0.4976830398517145,1
ADAPT-001,2025,2025-06-18,2025-06-17,1080,21,20,3,0.9584935149106933,True,0.5111111111111111,1
ADAPT-001,2025,2025-06-20,2025-06-19,1081,20,19,3,0.9570373402121952,True,0.4838112858464385,1
ADAPT-001,2025,2025-06-23,2025-06-22,1082,19,18,3,0.9544777584887195,True,0.3853974121996303,1
ADAPT-001,2025,2025-06-24,2025-06-23,1083,19,18,3,0.9558670483232169,True,0.25761772853185594,1
ADAPT-001,2025,2025-06-25,2025-06-24,1084,19,18,3,0.9562941006795006,True,0.28505535055350556,1
ADAPT-001,2025,2025-06-26,2025-06-25,1085,19,18,3,0.9587411347012328,True,0.1880184331797235,1
ADAPT-001,2025,2025-06-27,2025-06-26,1086,19,18,3,0.9599340680442705,True,0.15285451197053407,1
ADAPT-001,2025,2025-06-30,2025-06-29,1087,19,18,3,0.960978919084615,True,0.1389144434222631,1
ADAPT-001,2025,2025-07-01,2025-06-30,1088,19,17,3,0.8738448671881411,True,0.2922794117647059,1
ADAPT-001,2025,2025-07-02,2025-07-01,1089,19,17,3,0.8745360192134132,True,0.155188246097337,0
ADAPT-001,2025,2025-07-03,2025-07-02,1090,20,18,3,0.8826362294664926,True,0.13761467889908258,0
ADAPT-001,2025,2025-07-07,2025-07-06,1091,21,18,3,0.8641980924049855,True,0.44087992667277726,0
ADAPT-001,2025,2025-07-08,2025-07-07,1092,21,18,3,0.8641640122991261,True,0.42948717948717946,0
ADAPT-001,2025,2025-07-09,2025-07-08,1093,22,16,3,0.7720007034945654,True,0.32570905763952424,0
ADAPT-001,2025,2025-07-10,2025-07-09,1094,22,16,3,0.7727645174807016,True,0.20292504570383912,0
ADAPT-001,2025,2025-07-11,2025-07-10,1095,21,16,3,0.8355258062101304,True,0.3461187214611872,1
ADAPT-001,2025,2025-07-14,2025-07-13,1096,21,15,3,0.8177212135171004,True,0.2947080291970803,0
ADAPT-001,2025,2025-07-15,2025-07-14,1097,18,14,3,0.8852837311428975,True,0.34184138559708294,1
ADAPT-001,2025,2025-07-16,2025-07-15,1098,19,13,2,0.805946832836717,True,0.3205828779599271,1
ADAPT-001,2025,2025-07-17,2025-07-16,1099,19,13,2,0.8063876322357346,True,0.17288444040036396,1
ADAPT-001,2025,2025-07-18,2025-07-17,1100,19,13,2,0.806529003684887,True,0.23636363636363636,1
ADAPT-001,2025,2025-07-21,2025-07-20,1101,19,13,2,0.8036199294553726,True,0.14713896457765668,1
ADAPT-001,2025,2025-07-22,2025-07-21,1102,19,13,2,0.801453341121373,True,0.11978221415607986,0
ADAPT-001,2025,2025-07-23,2025-07-22,1103,19,13,2,0.8007403653877683,True,0.10607434270172257,0
ADAPT-001,2025,2025-07-24,2025-07-23,1104,19,13,2,0.8015793803617551,True,0.10144927536231885,0
ADAPT-001,2025,2025-07-25,2025-07-24,1105,19,11,2,0.6896613514286405,True,0.1411764705882353,0
ADAPT-001,2025,2025-07-28,2025-07-27,1106,20,11,2,0.6794617744884187,True,0.14828209764918626,0
ADAPT-001,2025,2025-07-29,2025-07-28,1107,20,9,2,0.581072393685144,False,0.5,0
ADAPT-001,2025,2025-07-30,2025-07-29,1108,20,9,2,0.5835499312654175,False,0.5,0
ADAPT-001,2025,2025-07-31,2025-07-30,1109,19,9,2,0.5956028723224224,False,0.5,1
ADAPT-001,2025,2025-08-01,2025-07-31,1110,20,9,2,0.5845499516519563,False,0.5,1
ADAPT-001,2025,2025-08-04,2025-08-03,1111,20,9,2,0.5835796826472355,False,0.5,0
ADAPT-001,2025,2025-08-05,2025-08-04,1112,20,9,2,0.5820648880920147,False,0.5,1
ADAPT-001,2025,2025-08-06,2025-08-05,1113,21,9,2,0.5630895642047892,False,0.5,1
ADAPT-001,2025,2025-08-07,2025-08-06,1114,22,10,2,0.6093225040012459,True,0.2926391382405745,0
ADAPT-001,2025,2025-08-08,2025-08-07,1115,22,12,2,0.7047520335476938,True,0.1937219730941704,0
ADAPT-001,2025,2025-08-11,2025-08-10,1116,21,10,2,0.621684125873841,True,0.2446236559139785,0
ADAPT-001,2025,2025-08-12,2025-08-11,1117,22,12,2,0.7056679183652174,True,0.1414503133393017,0
ADAPT-001,2025,2025-08-13,2025-08-12,1118,22,10,2,0.6209687350461115,True,0.17889087656529518,1
ADAPT-001,2025,2025-08-14,2025-08-13,1119,22,9,2,0.5546971117293702,False,0.5,0
ADAPT-001,2025,2025-08-15,2025-08-14,1120,22,9,2,0.5555070770564414,False,0.5,1
ADAPT-001,2025,2025-08-18,2025-08-17,1121,20,9,2,0.5825377591758549,False,0.5,1
ADAPT-001,2025,2025-08-19,2025-08-18,1122,20,9,2,0.5858777481153311,False,0.5,1
ADAPT-001,2025,2025-08-20,2025-08-19,1123,20,9,2,0.5875638466724872,False,0.5,1
ADAPT-001,2025,2025-08-21,2025-08-20,1124,20,9,2,0.5867635273765134,False,0.5,1
ADAPT-001,2025,2025-08-22,2025-08-21,1125,21,9,2,0.5738469334608022,False,0.5,1
ADAPT-001,2025,2025-08-25,2025-08-24,1126,21,9,2,0.5776150190921188,False,0.5,1
ADAPT-001,2025,2025-08-26,2025-08-25,1127,22,9,2,0.5686799143923293,False,0.5,1
ADAPT-001,2025,2025-08-27,2025-08-26,1128,22,10,2,0.6332434092770579,True,0.22074468085106383,0
ADAPT-001,2025,2025-08-28,2025-08-27,1129,22,10,2,0.6307131125509811,True,0.2046058458813109,1
ADAPT-001,2025,2025-08-29,2025-08-28,1130,22,10,2,0.6301887280000036,True,0.2929203539823009,1
ADAPT-001,2025,2025-09-02,2025-09-01,1131,22,9,2,0.5664397673868737,False,0.5,1
ADAPT-001,2025,2025-09-03,2025-09-02,1132,22,9,2,0.5672387685325975,False,0.5,1
ADAPT-001,2025,2025-09-04,2025-09-03,1133,22,9,2,0.5675089791736875,False,0.5,1
ADAPT-001,2025,2025-09-05,2025-09-04,1134,22,9,2,0.5665907783708386,False,0.5,1
ADAPT-001,2025,2025-09-08,2025-09-07,1135,22,9,2,0.5684900146523404,False,0.5,1
ADAPT-001,2025,2025-09-09,2025-09-08,1136,22,9,2,0.568852973874389,False,0.5,1
ADAPT-001,2025,2025-09-10,2025-09-09,1137,22,10,2,0.6267734048647507,True,0.10202286719437115,1
ADAPT-001,2025,2025-09-11,2025-09-10,1138,23,10,2,0.613367329143794,True,0.08611599297012303,1
ADAPT-001,2025,2025-09-12,2025-09-11,1139,23,10,2,0.6138103425012648,True,0.11852502194907814,0
ADAPT-001,2025,2025-09-15,2025-09-14,1140,23,10,2,0.6139342401727218,True,0.07456140350877193,0
ADAPT-001,2025,2025-09-16,2025-09-15,1141,23,10,2,0.6158151654019067,True,0.13321647677475898,0
ADAPT-001,2025,2025-09-17,2025-09-16,1142,23,9,2,0.5563428118141284,False,0.5,0
ADAPT-001,2025,2025-09-18,2025-09-17,1143,23,9,2,0.5551317589850938,False,0.5,0
ADAPT-001,2025,2025-09-19,2025-09-18,1144,23,9,2,0.5543828517129067,False,0.5,0
ADAPT-001,2025,2025-09-22,2025-09-21,1145,22,9,2,0.561569868727599,False,0.5,0
ADAPT-001,2025,2025-09-23,2025-09-22,1146,22,7,2,0.424571187335131,False,0.5,0
ADAPT-001,2025,2025-09-24,2025-09-23,1147,22,7,2,0.4251818832021632,False,0.5,0
ADAPT-001,2025,2025-09-25,2025-09-24,1148,22,6,2,0.34392294194985146,False,0.5,0
ADAPT-001,2025,2025-09-26,2025-09-25,1149,22,9,2,0.5329310057336836,False,0.5,0
ADAPT-001,2025,2025-09-29,2025-09-28,1150,22,6,2,0.3456037058294195,False,0.5,1
ADAPT-001,2025,2025-09-30,2025-09-29,1151,22,6,2,0.34580718702779,False,0.5,1
ADAPT-001,2025,2025-10-01,2025-09-30,1152,22,6,2,0.3443838628341837,False,0.5,1
ADAPT-001,2025,2025-10-02,2025-10-01,1153,22,8,2,0.44818660778010444,False,0.5,0
ADAPT-001,2025,2025-10-03,2025-10-02,1154,22,7,2,0.3903988359792245,False,0.5,0
ADAPT-001,2025,2025-10-06,2025-10-05,1155,21,9,2,0.5116809451797745,False,0.5,0
ADAPT-001,2025,2025-10-07,2025-10-06,1156,21,9,2,0.5101264068158604,False,0.5,0
ADAPT-001,2025,2025-10-08,2025-10-07,1157,21,10,2,0.5362051568717005,False,0.5,0
ADAPT-001,2025,2025-10-09,2025-10-08,1158,21,10,2,0.5363830616462495,False,0.5,0
ADAPT-001,2025,2025-10-10,2025-10-09,1159,21,10,2,0.5310347440784295,False,0.5,0
ADAPT-001,2025,2025-10-13,2025-10-12,1160,21,11,2,0.6263230719200975,True,0.45689655172413796,1
ADAPT-001,2025,2025-10-14,2025-10-13,1161,20,13,2,0.7721714816481285,True,0.4702842377260982,1
ADAPT-001,2025,2025-10-15,2025-10-14,1162,20,15,3,0.8401403857006255,True,0.4784853700516351,1
ADAPT-001,2025,2025-10-16,2025-10-15,1163,21,15,3,0.8163128443608266,True,0.5657781599312124,0
ADAPT-001,2025,2025-10-17,2025-10-16,1164,21,16,3,0.8491091587385401,True,0.46735395189003437,0
ADAPT-001,2025,2025-10-20,2025-10-19,1165,22,18,3,0.8938826000963576,True,0.33047210300429186,0
ADAPT-001,2025,2025-10-21,2025-10-20,1166,23,19,3,0.8704137941639236,True,0.3542024013722127,0
ADAPT-001,2025,2025-10-22,2025-10-21,1167,24,19,3,0.8314125750746881,True,0.43273350471293914,0
ADAPT-001,2025,2025-10-23,2025-10-22,1168,23,18,3,0.8242718791542493,True,0.2748287671232877,0
ADAPT-001,2025,2025-10-24,2025-10-23,1169,22,16,3,0.7872241797265203,True,0.13857998289136014,0
ADAPT-001,2025,2025-10-27,2025-10-26,1170,22,16,3,0.7849185617402595,True,0.09401709401709402,0
ADAPT-001,2025,2025-10-28,2025-10-27,1171,23,16,3,0.7434578796992063,True,0.10333048676345004,0
ADAPT-001,2025,2025-10-29,2025-10-28,1172,23,18,3,0.8222500548010085,True,0.1015358361774744,0
ADAPT-001,2025,2025-10-30,2025-10-29,1173,22,18,3,0.8423315177066838,True,0.32821824381926684,0
ADAPT-001,2025,2025-10-31,2025-10-30,1174,22,18,3,0.8416834281596958,True,0.31686541737649065,0
ADAPT-001,2025,2025-11-03,2025-11-02,1175,21,18,3,0.88936790421966,True,0.28425531914893615,0
ADAPT-001,2025,2025-11-04,2025-11-03,1176,21,18,3,0.8907415947434224,True,0.4812925170068027,0
ADAPT-001,2025,2025-11-05,2025-11-04,1177,20,17,3,0.8866912254078518,True,0.42310960067969416,0
ADAPT-001,2025,2025-11-06,2025-11-05,1178,20,16,3,0.8142878524689571,True,0.5373514431239389,1
ADAPT-001,2025,2025-11-07,2025-11-06,1179,19,15,2,0.8454057685983132,True,0.5089058524173028,0
ADAPT-001,2025,2025-11-10,2025-11-09,1180,20,15,2,0.7727092888494467,True,0.37203389830508476,0
ADAPT-001,2025,2025-11-11,2025-11-10,1181,20,15,2,0.7726156995202457,True,0.34038950042337,0
ADAPT-001,2025,2025-11-12,2025-11-11,1182,19,16,3,0.8750572158689784,True,0.3460236886632826,0
ADAPT-001,2025,2025-11-13,2025-11-12,1183,19,16,3,0.8740791930153359,True,0.5173288250211328,1
ADAPT-001,2025,2025-11-14,2025-11-13,1184,19,14,2,0.7578599712991395,True,0.4560810810810811,0
ADAPT-001,2025,2025-11-17,2025-11-16,1185,19,14,2,0.7472094202653651,True,0.5324894514767933,1
ADAPT-001,2025,2025-11-18,2025-11-17,1186,19,14,2,0.7514802674608069,True,0.5708263069139966,0
ADAPT-001,2025,2025-11-19,2025-11-18,1187,19,14,2,0.7558798682235528,True,0.5627632687447346,0
ADAPT-001,2025,2025-11-20,2025-11-19,1188,19,14,2,0.7570453030273825,True,0.6725589225589226,1
ADAPT-001,2025,2025-11-21,2025-11-20,1189,18,13,2,0.7493149011216373,True,0.6248948696383515,1
ADAPT-001,2025,2025-11-24,2025-11-23,1190,18,13,3,0.7592900112507236,True,0.5462184873949579,1
ADAPT-001,2025,2025-11-25,2025-11-24,1191,18,13,3,0.765374218913051,True,0.4995801847187238,1
ADAPT-001,2025,2025-11-26,2025-11-25,1192,17,12,2,0.7579940894188366,True,0.45302013422818793,0
ADAPT-001,2025,2025-11-28,2025-11-27,1193,17,12,3,0.7517861749479228,True,0.347024308466052,0
ADAPT-001,2025,2025-12-01,2025-11-30,1194,17,12,3,0.7557313078863329,True,0.41792294807370184,0
ADAPT-001,2025,2025-12-02,2025-12-01,1195,18,13,3,0.766102387798154,True,0.43598326359832634,0
ADAPT-001,2025,2025-12-03,2025-12-02,1196,17,14,3,0.821188962492373,True,0.387123745819398,0
ADAPT-001,2025,2025-12-04,2025-12-03,1197,16,13,2,0.8072880662020926,True,0.3341687552213868,0
ADAPT-001,2025,2025-12-05,2025-12-04,1198,17,13,2,0.7737924793164791,True,0.2938230383973289,0
ADAPT-001,2025,2025-12-08,2025-12-07,1199,16,13,2,0.8051955429737616,True,0.3603002502085071,0
ADAPT-001,2025,2025-12-09,2025-12-08,1200,16,13,2,0.7906104508660311,True,0.3333333333333333,0
ADAPT-001,2025,2025-12-10,2025-12-09,1201,16,14,2,0.8288648850420418,True,0.302248126561199,0
ADAPT-001,2025,2025-12-11,2025-12-10,1202,16,13,2,0.7966974325472976,True,0.17637271214642264,0
ADAPT-001,2025,2025-12-12,2025-12-11,1203,16,13,2,0.8655753704800038,True,0.512884455527847,0
ADAPT-001,2025,2025-12-15,2025-12-14,1204,16,14,2,0.8930466546205781,True,0.5813953488372093,0
ADAPT-001,2025,2025-12-16,2025-12-15,1205,17,14,2,0.8724791213425154,True,0.5867219917012448,1
ADAPT-001,2025,2025-12-17,2025-12-16,1206,16,13,2,0.8678390254629544,True,0.6600331674958541,1
ADAPT-001,2025,2025-12-18,2025-12-17,1207,17,14,2,0.8740880722984342,True,0.6594863297431649,0
ADAPT-001,2025,2025-12-19,2025-12-18,1208,17,13,2,0.7696726312481008,True,0.45612582781456956,0
ADAPT-001,2025,2025-12-22,2025-12-21,1209,17,14,2,0.7906148634513107,True,0.4292803970223325,0
ADAPT-001,2025,2025-12-23,2025-12-22,1210,17,15,2,0.9001902011299966,True,0.28760330578512394,0
ADAPT-001,2025,2025-12-24,2025-12-23,1211,17,14,2,0.8551897755435585,True,0.23947151114781173,0
ADAPT-001,2025,2025-12-26,2025-12-25,1212,17,14,2,0.8542308023050552,True,0.34075907590759075,0
ADAPT-001,2025,2025-12-29,2025-12-28,1213,16,14,2,0.895750802990288,True,0.43281121187139326,0
ADAPT-001,2025,2025-12-30,2025-12-29,1214,16,14,2,0.8956793714153792,True,0.4110378912685338,0
ADAPT-001,2025,2025-12-31,2025-12-30,1215,16,14,2,0.8949106331771053,True,0.508641975308642,0
ADAPT-001,2026_ytd,2026-01-02,2026-01-01,1216,17,14,3,0.8462030168370049,True,0.48848684210526316,0
ADAPT-001,2026_ytd,2026-01-05,2026-01-04,1217,17,14,3,0.8456449629198292,True,0.4322103533278554,0
ADAPT-001,2026_ytd,2026-01-06,2026-01-05,1218,17,14,3,0.8437269346978817,True,0.1962233169129721,0
ADAPT-001,2026_ytd,2026-01-07,2026-01-06,1219,17,13,3,0.7908224843960354,True,0.4413453650533224,0
ADAPT-001,2026_ytd,2026-01-08,2026-01-07,1220,17,13,3,0.7904675665064388,True,0.38114754098360654,0
ADAPT-001,2026_ytd,2026-01-09,2026-01-08,1221,17,13,3,0.7818566903783052,True,0.1678951678951679,0
ADAPT-001,2026_ytd,2026-01-12,2026-01-11,1222,17,13,3,0.7866107604387546,True,0.1309328968903437,0
ADAPT-001,2026_ytd,2026-01-13,2026-01-12,1223,18,15,3,0.8252971061951421,True,0.21749795584627965,0
ADAPT-001,2026_ytd,2026-01-14,2026-01-13,1224,18,15,3,0.8256945638521402,True,0.35866013071895425,0
ADAPT-001,2026_ytd,2026-01-15,2026-01-14,1225,17,14,3,0.8145968538950612,True,0.18612244897959185,0
ADAPT-001,2026_ytd,2026-01-16,2026-01-15,1226,17,14,3,0.8166772928197491,True,0.19738988580750408,0
ADAPT-001,2026_ytd,2026-01-20,2026-01-19,1227,17,14,3,0.8169274219062737,True,0.6462917685411573,0
ADAPT-001,2026_ytd,2026-01-21,2026-01-20,1228,17,14,3,0.817345292597332,True,0.5895765472312704,0
ADAPT-001,2026_ytd,2026-01-22,2026-01-21,1229,17,14,3,0.8215533943273913,True,0.467046379170057,0
ADAPT-001,2026_ytd,2026-01-23,2026-01-22,1230,18,15,3,0.8255427937716378,True,0.5065040650406504,0
ADAPT-001,2026_ytd,2026-01-26,2026-01-25,1231,18,15,3,0.8254823751573065,True,0.4841592201462226,0
ADAPT-001,2026_ytd,2026-01-27,2026-01-26,1232,18,15,3,0.8251647870715292,True,0.1590909090909091,0
ADAPT-001,2026_ytd,2026-01-28,2026-01-27,1233,17,14,3,0.8204775193815386,True,0.21492295214922952,0
ADAPT-001,2026_ytd,2026-01-29,2026-01-28,1234,17,14,3,0.8194031810496891,True,0.2941653160453809,0
ADAPT-001,2026_ytd,2026-01-30,2026-01-29,1235,17,14,3,0.8192317370920172,True,0.4097165991902834,0
ADAPT-001,2026_ytd,2026-02-02,2026-02-01,1236,17,14,3,0.8186194853601698,True,0.21925566343042072,0
ADAPT-001,2026_ytd,2026-02-03,2026-02-02,1237,19,16,3,0.8306919814707061,True,0.5739692805173807,0
ADAPT-001,2026_ytd,2026-02-04,2026-02-03,1238,20,17,3,0.8345772366227927,True,0.6147011308562197,0
ADAPT-001,2026_ytd,2026-02-05,2026-02-04,1239,20,17,3,0.8340120853834038,True,0.8151735270379338,0
ADAPT-001,2026_ytd,2026-02-06,2026-02-05,1240,20,17,3,0.8333953998430375,True,0.5298387096774193,0
ADAPT-001,2026_ytd,2026-02-09,2026-02-08,1241,20,17,3,0.8336266899209093,True,0.47300564061240935,0
ADAPT-001,2026_ytd,2026-02-10,2026-02-09,1242,22,19,3,0.8455181180506522,True,0.5958132045088567,0
ADAPT-001,2026_ytd,2026-02-11,2026-02-10,1243,22,18,3,0.7611499281379607,True,0.4328238133547868,0
ADAPT-001,2026_ytd,2026-02-12,2026-02-11,1244,21,18,3,0.816127331478818,True,0.7258842443729904,0
ADAPT-001,2026_ytd,2026-02-13,2026-02-12,1245,22,19,3,0.8273942133312935,True,0.7493975903614458,0
ADAPT-001,2026_ytd,2026-02-17,2026-02-16,1246,22,20,3,0.8772422273255446,True,0.6725521669341894,0
ADAPT-001,2026_ytd,2026-02-18,2026-02-17,1247,22,20,3,0.8794484311404418,True,0.5669607056936647,0
ADAPT-001,2026_ytd,2026-02-19,2026-02-18,1248,21,19,3,0.8747917019883625,True,0.6274038461538461,0
ADAPT-001,2026_ytd,2026-02-20,2026-02-19,1249,21,19,3,0.8773578109736959,True,0.4291433146517214,0
ADAPT-001,2026_ytd,2026-02-23,2026-02-22,1250,22,20,3,0.8837308901963845,True,0.6544,0
ADAPT-001,2026_ytd,2026-02-24,2026-02-23,1251,22,20,3,0.8864965522737573,True,0.5275779376498801,0
ADAPT-001,2026_ytd,2026-02-25,2026-02-24,1252,22,20,3,0.8874055345111392,True,0.36501597444089456,0
ADAPT-001,2026_ytd,2026-02-26,2026-02-25,1253,22,19,3,0.8449304854847348,True,0.5203511572226656,0
ADAPT-001,2026_ytd,2026-02-27,2026-02-26,1254,23,20,3,0.8513485304175338,True,0.6188197767145136,0
ADAPT-001,2026_ytd,2026-03-02,2026-03-01,1255,23,20,3,0.8498733423574923,True,0.47250996015936253,0
ADAPT-001,2026_ytd,2026-03-03,2026-03-02,1256,23,20,3,0.8504500159770877,True,0.6003184713375797,0
ADAPT-001,2026_ytd,2026-03-04,2026-03-03,1257,21,19,3,0.8876254778928612,True,0.5123309466984884,0
ADAPT-001,2026_ytd,2026-03-05,2026-03-04,1258,21,19,3,0.886603500597239,True,0.534181240063593,0
ADAPT-001,2026_ytd,2026-03-06,2026-03-05,1259,21,19,3,0.8851449100513554,True,0.6227164416203336,0
ADAPT-001,2026_ytd,2026-03-09,2026-03-08,1260,21,19,3,0.8854528502371244,True,0.6246031746031746,0
ADAPT-001,2026_ytd,2026-03-10,2026-03-09,1261,21,19,3,0.8846966693381889,True,0.5852498017446471,0
ADAPT-001,2026_ytd,2026-03-11,2026-03-10,1262,21,18,3,0.8413590612956681,True,0.5839936608557845,0
ADAPT-001,2026_ytd,2026-03-12,2026-03-11,1263,21,18,3,0.8403076527584932,True,0.6753760886777513,0
ADAPT-001,2026_ytd,2026-03-13,2026-03-12,1264,21,18,3,0.8411747396441996,True,0.7072784810126582,0
ADAPT-001,2026_ytd,2026-03-16,2026-03-15,1265,22,19,3,0.8320431166642062,True,0.6711462450592885,0
ADAPT-001,2026_ytd,2026-03-17,2026-03-16,1266,21,18,3,0.8308016430881556,True,0.6793048973143759,0
ADAPT-001,2026_ytd,2026-03-18,2026-03-17,1267,21,17,3,0.7836583623967655,True,0.6945540647198106,1
ADAPT-001,2026_ytd,2026-03-19,2026-03-18,1268,21,17,3,0.7842070567093783,True,0.7294952681388013,1
ADAPT-001,2026_ytd,2026-03-20,2026-03-19,1269,20,16,3,0.7826327316183289,True,0.69424743892829,1
ADAPT-001,2026_ytd,2026-03-23,2026-03-22,1270,20,16,3,0.787892833064856,True,0.7259842519685039,1
ADAPT-001,2026_ytd,2026-03-24,2026-03-23,1271,20,16,3,0.7896833715745906,True,0.6829268292682927,1
ADAPT-001,2026_ytd,2026-03-25,2026-03-24,1272,20,16,3,0.7905159680320901,True,0.6910377358490566,1
ADAPT-001,2026_ytd,2026-03-26,2026-03-25,1273,21,16,3,0.7300648983126382,True,0.6810683424980362,1
ADAPT-001,2026_ytd,2026-03-27,2026-03-26,1274,21,16,3,0.721021345840911,True,0.8383045525902669,1
ADAPT-001,2026_ytd,2026-03-30,2026-03-29,1275,21,16,3,0.716867315664008,True,0.9043137254901961,1
ADAPT-001,2026_ytd,2026-03-31,2026-03-30,1276,20,15,3,0.71144095351897,True,0.85423197492163,1
ADAPT-001,2026_ytd,2026-04-01,2026-03-31,1277,20,15,3,0.7166491588650061,True,0.74079874706343,1
ADAPT-001,2026_ytd,2026-04-02,2026-04-01,1278,20,15,3,0.718374277271031,True,0.7863849765258216,1
ADAPT-001,2026_ytd,2026-04-06,2026-04-05,1279,20,15,3,0.7204172493217685,True,0.6622361219702892,1
ADAPT-001,2026_ytd,2026-04-07,2026-04-06,1280,19,14,3,0.7124320171453461,True,0.65703125,1
ADAPT-001,2026_ytd,2026-04-08,2026-04-07,1281,18,13,3,0.6853209453152957,True,0.5245901639344263,1
ADAPT-001,2026_ytd,2026-04-09,2026-04-08,1282,17,14,3,0.7782634835600043,True,0.48985959438377535,1
ADAPT-001,2026_ytd,2026-04-10,2026-04-09,1283,17,13,3,0.6997121593981126,True,0.5268901013250195,1
ADAPT-001,2026_ytd,2026-04-13,2026-04-12,1284,17,14,3,0.7672156788828547,True,0.42834890965732086,1
ADAPT-001,2026_ytd,2026-04-14,2026-04-13,1285,16,13,2,0.755977228885901,True,0.38365758754863816,1
ADAPT-001,2026_ytd,2026-04-15,2026-04-14,1286,17,13,2,0.7119749116376728,True,0.13452566096423016,1
ADAPT-001,2026_ytd,2026-04-16,2026-04-15,1287,17,13,2,0.7100445458639221,True,0.11888111888111888,1
ADAPT-001,2026_ytd,2026-04-17,2026-04-16,1288,17,14,2,0.7974916118845253,True,0.2717391304347826,1
ADAPT-001,2026_ytd,2026-04-20,2026-04-19,1289,16,12,3,0.7576253996959855,True,0.3452288595810706,1
ADAPT-001,2026_ytd,2026-04-21,2026-04-20,1290,16,12,3,0.7630211653391065,True,0.3705426356589147,1
ADAPT-001,2026_ytd,2026-04-22,2026-04-21,1291,17,14,3,0.8085744009380347,True,0.17195972114639815,1
ADAPT-001,2026_ytd,2026-04-23,2026-04-22,1292,17,15,3,0.8956589364394324,True,0.3978328173374613,1
ADAPT-001,2026_ytd,2026-04-24,2026-04-23,1293,19,17,3,0.905485165391473,True,0.26218097447795824,1
ADAPT-001,2026_ytd,2026-04-27,2026-04-26,1294,19,18,3,0.9505884475098015,True,0.22102009273570325,1
ADAPT-001,2026_ytd,2026-04-28,2026-04-27,1295,20,19,3,0.9521789097368399,True,0.42162162162162165,1
ADAPT-001,2026_ytd,2026-04-29,2026-04-28,1296,21,20,3,0.9536295329454421,True,0.35802469135802467,1
ADAPT-001,2026_ytd,2026-04-30,2026-04-29,1297,19,19,3,0.9999999999999998,True,0.2081727062451812,1
ADAPT-001,2026_ytd,2026-05-01,2026-04-30,1298,18,18,3,1.0,True,0.17642526964560862,1
ADAPT-001,2026_ytd,2026-05-04,2026-05-03,1299,17,17,3,1.0000000000000002,True,0.28714395688991534,1
ADAPT-001,2026_ytd,2026-05-05,2026-05-04,1300,17,17,3,1.0,True,0.17692307692307693,1
ADAPT-001,2026_ytd,2026-05-06,2026-05-05,1301,19,19,3,1.0,True,0.1921598770176787,1
ADAPT-001,2026_ytd,2026-05-07,2026-05-06,1302,19,19,3,1.0000000000000002,True,0.2803379416282642,0
ADAPT-001,2026_ytd,2026-05-08,2026-05-07,1303,17,17,3,0.9999999999999999,True,0.18879508825786645,0
ADAPT-001,2026_ytd,2026-05-11,2026-05-10,1304,17,17,3,1.0000000000000002,True,0.13266871165644173,0
ADAPT-001,2026_ytd,2026-05-12,2026-05-11,1305,17,17,3,0.9999999999999998,True,0.26436781609195403,0
ADAPT-001,2026_ytd,2026-05-13,2026-05-12,1306,19,18,3,0.9796360714869785,True,0.13782542113323124,0
ADAPT-001,2026_ytd,2026-05-14,2026-05-13,1307,17,16,3,0.9761515557703585,True,0.0772762050497322,0
ADAPT-001,2026_ytd,2026-05-15,2026-05-14,1308,17,16,3,0.9746082312159219,True,0.35397553516819574,0
ADAPT-001,2026_ytd,2026-05-18,2026-05-17,1309,17,17,3,1.0,True,0.39266615737203975,0
ADAPT-001,2026_ytd,2026-05-19,2026-05-18,1310,17,17,3,0.9999999999999999,True,0.4251908396946565,0
ADAPT-001,2026_ytd,2026-05-20,2026-05-19,1311,15,15,3,1.0,True,0.4241037376048818,0
ADAPT-001,2026_ytd,2026-05-21,2026-05-20,1312,15,15,3,1.0,True,0.3544207317073171,0
ADAPT-001,2026_ytd,2026-05-22,2026-05-21,1313,15,15,3,1.0000000000000002,True,0.32444782939832445,0
ADAPT-001,2026_ytd,2026-05-26,2026-05-25,1314,16,16,3,1.0000000000000002,True,0.2549467275494673,0
ADAPT-001,2026_ytd,2026-05-27,2026-05-26,1315,15,15,3,1.0000000000000002,True,0.21444866920152092,0
ADAPT-001,2026_ytd,2026-05-28,2026-05-27,1316,15,15,3,1.0,True,0.1519756838905775,0
ADAPT-001,2026_ytd,2026-05-29,2026-05-28,1317,15,15,3,1.0,True,0.13743356112376615,0
ADAPT-001,2026_ytd,2026-06-01,2026-05-31,1318,15,15,3,1.0000000000000002,True,0.10773899848254932,0
ADAPT-001,2026_ytd,2026-06-02,2026-06-01,1319,15,15,3,1.0000000000000002,True,0.07657316148597422,0
ADAPT-001,2026_ytd,2026-06-03,2026-06-02,1320,15,15,3,1.0000000000000002,True,0.27424242424242423,0
ADAPT-001,2026_ytd,2026-06-04,2026-06-03,1321,15,14,3,0.9506795192233353,True,0.23694171082513246,0
ADAPT-001,2026_ytd,2026-06-05,2026-06-04,1322,16,15,3,0.9523155383923723,True,0.5476550680786687,0
ADAPT-001,2026_ytd,2026-06-08,2026-06-07,1323,15,14,3,0.9510013725612795,True,0.5706727135298564,0
ADAPT-001,2026_ytd,2026-06-09,2026-06-08,1324,15,14,3,0.9511544235766781,True,0.6012084592145015,1
ADAPT-001,2026_ytd,2026-06-10,2026-06-09,1325,15,14,3,0.9517222967968755,True,0.6566037735849056,1
ADAPT-001,2026_ytd,2026-06-11,2026-06-10,1326,15,14,3,0.9519885925472292,True,0.6478129713423831,0
ADAPT-001,2026_ytd,2026-06-12,2026-06-11,1327,15,14,3,0.9518315635371609,True,0.5764883195177091,0
ADAPT-001,2026_ytd,2026-06-15,2026-06-14,1328,15,14,3,0.9520918758888065,True,0.5082831325301205,0
ADAPT-001,2026_ytd,2026-06-16,2026-06-15,1329,15,15,3,1.0,True,0.5846501128668171,0
ADAPT-001,2026_ytd,2026-06-17,2026-06-16,1330,17,16,3,0.9584245249830486,True,0.5571428571428572,0
ADAPT-001,2026_ytd,2026-06-18,2026-06-17,1331,17,17,3,0.9999999999999999,True,0.5770097670924117,0
ADAPT-001,2026_ytd,2026-06-22,2026-06-21,1332,17,17,3,1.0000000000000002,True,0.5345345345345346,0
ADAPT-001,2026_ytd,2026-06-23,2026-06-22,1333,15,15,3,1.0,True,0.6054013503375844,0
ADAPT-001,2026_ytd,2026-06-24,2026-06-23,1334,16,16,3,1.0000000000000002,True,0.6469265367316341,0
ADAPT-001,2026_ytd,2026-06-25,2026-06-24,1335,15,15,3,1.0,True,0.6262172284644195,0
ADAPT-001,2026_ytd,2026-06-26,2026-06-25,1336,15,14,3,0.9553736294279418,True,0.5808383233532934,0
ADAPT-001,2026_ytd,2026-06-29,2026-06-28,1337,15,14,3,0.9573776221672162,True,0.5699326851159312,0
ADAPT-001,2026_ytd,2026-06-30,2026-06-29,1338,15,13,2,0.9185928731796268,True,0.5089686098654709,0
ADAPT-001,2026_ytd,2026-07-01,2026-06-30,1339,15,13,2,0.9190006464612142,True,0.5272591486183719,0
ADAPT-001,2026_ytd,2026-07-02,2026-07-01,1340,15,13,2,0.9197923875358356,True,0.5388059701492537,0
ADAPT-001,2026_ytd,2026-07-06,2026-07-05,1341,15,13,2,0.9187737012360663,True,0.5182699478001491,0
ADAPT-001,2026_ytd,2026-07-07,2026-07-06,1342,14,12,2,0.9187110516065254,True,0.5283159463487332,1
ADAPT-001,2026_ytd,2026-07-08,2026-07-07,1343,14,12,2,0.9176681995850187,True,0.533879374534624,1
ADAPT-001,2026_ytd,2026-07-09,2026-07-08,1344,14,12,2,0.9168991716064498,True,0.5059523809523809,1
ADAPT-001,2026_ytd,2026-07-10,2026-07-09,1345,14,13,3,0.9533140467692833,True,0.44758364312267657,1
ADAPT-001,2026_ytd,2026-07-13,2026-07-12,1346,14,12,2,0.9141121069311277,True,0.5341753343239227,1
ADAPT-001,2026_ytd,2026-07-14,2026-07-13,1347,14,12,2,0.912216124916447,True,0.5107646622123236,1
ADAPT-001,2026_ytd,2026-07-15,2026-07-14,1348,14,12,2,0.9127093675529636,True,0.45178041543026703,1
ADAPT-001,2026_ytd,2026-07-16,2026-07-15,1349,14,12,2,0.9129819743570508,True,0.5114899925871016,1
ADAPT-001,2026_ytd,2026-07-17,2026-07-16,1350,14,12,2,0.9253041319032471,True,0.5688888888888889,1
ADAPT-001,2026_ytd,2026-07-20,2026-07-19,1351,14,12,2,0.9148252639614475,True,0.5780903034789046,1
ADAPT-001,2026_ytd,2026-07-21,2026-07-20,1352,14,12,2,0.9146911021976464,True,0.5465976331360947,1
