feature,category,training_to_test_sign_reversals,adjacent_test_fold_sign_transitions,available_test_association_folds,test_spearman_range,test_spearman_std,mean_ks_statistic,max_abs_standardized_mean_difference,max_abs_missing_rate_delta
fear_greed,fear_greed,1,2,3,0.2785257636005679,0.12322800965441882,0.17172080658212904,0.5485514691454526,0.0
fg_change_1,fear_greed,2,1,3,0.19244614056526765,0.08221068423524235,0.047944971920117485,0.05115209984521943,0.0014005602240896359
fg_change_3,fear_greed,3,1,3,0.33257309397962553,0.13983723420940478,0.0719701638163023,0.07719635535702103,0.004201680672268907
fg_change_5,fear_greed,3,1,3,0.38674104804913,0.18225954612687403,0.07283489536248473,0.09172484531345523,0.0070028011204481795
fg_change_10,fear_greed,2,1,3,0.4940164088699893,0.22019820866093,0.09564166417996489,0.11352354560063303,0.014005602240896359
fg_min_5,fear_greed,1,2,3,0.3759983790174971,0.15500948128809605,0.20673218768234158,0.5761344673198854,0.0014005602240896359
fg_max_5,fear_greed,2,1,3,0.3325470361418283,0.13683485356589734,0.19383384612299015,0.5803918136942013,0.0014005602240896359
fg_distance_from_min_5,fear_greed,3,1,3,0.29619971170559867,0.13182906324632637,0.05981657595318315,0.13028583736035906,0.0014005602240896359
fg_distance_from_max_5,fear_greed,3,1,3,0.2294814175761914,0.1046763806765912,0.07034084936573905,0.05933913484587816,0.0014005602240896359
fg_min_20,fear_greed,1,2,3,0.8418128460898977,0.3579195006668479,0.2718621485078487,0.7344984410460342,0.012605042016806723
fg_max_20,fear_greed,2,1,3,0.5637137781433385,0.24150946330462897,0.2660349931844522,0.5809048280470264,0.012605042016806723
fg_distance_from_min_20,fear_greed,2,2,3,0.4901393280731418,0.2126906205221627,0.11766437312301636,0.19372015523802066,0.012605042016806723
fg_distance_from_max_20,fear_greed,2,1,3,0.4842299597213655,0.2032972928248291,0.0961313356174842,0.1729524758809794,0.012605042016806723
fg_percentile_60,fear_greed,2,0,3,0.12869718438194674,0.053003096675621315,0.07921663935771454,0.19516018708950233,0.0196078431372549
fg_percentile_252,fear_greed,1,2,3,0.2966050906336332,0.13771768928883604,0.14007695071422113,0.1920237801003348,0.08683473389355742
fg_acceleration_1_vs_5,fear_greed,2,2,3,0.10230308579303357,0.04358190858395629,0.05972807094378674,0.01900019942445161,0.0070028011204481795
fg_reversal_1_vs_5,fear_greed,2,2,3,0.11170111284355387,0.046322781324399626,0.029550645881064968,0.10336226226454114,0.0070028011204481795
spx_return_1,market,3,1,3,0.09677879585633559,0.03956995535995896,0.07853869534826313,0.04882261420974657,0.0
spx_return_3,market,2,1,3,0.212341155503166,0.08894115978806254,0.0700906038804341,0.09190785549658484,0.0
spx_return_5,market,1,1,3,0.1764741902143159,0.07957059009687889,0.0849680185485327,0.13396996928169125,0.0
spx_return_10,market,2,1,3,0.30463939557595576,0.12459910267233192,0.11609037337924809,0.2026863060826023,0.0
spx_return_20,market,2,1,3,0.2332766969481431,0.09970010955842765,0.16628971872006137,0.3581945561927123,0.0
spx_return_60,market,0,0,3,0.2815976182543735,0.12415009689478784,0.18611909993591305,0.898285195187217,0.0
spx_distance_ma_20,market,2,1,3,0.3261316904386234,0.13876189992858984,0.1511758824824386,0.2748367274700019,0.0
spx_distance_ma_50,market,1,2,3,0.4194877053189381,0.17547751056542152,0.1765151175226197,0.5871088502010877,0.0
spx_distance_ma_200,market,0,0,3,0.10165643112170802,0.04383885521058943,0.3196181618141772,1.010448263423767,0.0
spx_distance_high_20,market,1,1,3,0.19105341644271462,0.08160330885575885,0.15147540124655504,0.5328856185602546,0.0
spx_drawdown_20,market,1,1,3,0.19105341644271462,0.08160330885575885,0.15147540124655504,0.5328856185602546,0.0
spx_rebound_from_low_20,market,2,1,3,0.33625385054009616,0.14636770058786136,0.12986076697545004,0.09311739061321145,0.0
spx_distance_high_60,market,0,0,3,0.0717943227074864,0.02950434718280209,0.21902910790787813,0.7265443724059931,0.0
spx_drawdown_60,market,0,0,3,0.0717943227074864,0.02950434718280209,0.21902910790787813,0.7265443724059931,0.0
spx_rebound_from_low_60,market,1,2,3,0.6164719401373661,0.2724517182056218,0.24412798385355283,0.6925225756280554,0.0
spx_distance_high_252,market,1,0,3,0.10679115556092532,0.043868147909596415,0.3115563184997172,0.9801281899534482,0.0
spx_drawdown_252,market,1,0,3,0.10679115556092532,0.043868147909596415,0.3115563184997172,0.9801281899534482,0.0
spx_rebound_from_low_252,market,1,0,3,0.10875182198456113,0.04844856939064902,0.3640052553057837,0.5262686239596958,0.0
spx_realized_vol_5,market,0,0,3,0.024448795639275545,0.01000456528945316,0.17778428632556428,0.5724542454778278,0.0
spx_realized_vol_20,market,0,0,3,0.31073061454545725,0.1359404046510879,0.25365859957743503,0.8109224363967087,0.0
spx_realized_vol_60,market,0,0,3,0.1896355882916929,0.0798683043070611,0.3337585779417284,0.9249333546886077,0.0
interaction_fg_x_drawdown_20,interaction,3,1,3,0.31976733018272674,0.133174007285111,0.21764091167338973,0.46346700381793904,0.0
interaction_fg_x_vol_20,interaction,2,0,3,0.37050898031996005,0.16827833548409665,0.23823321611220702,0.38602545599741067,0.0
interaction_fg_change_5_x_spx_return_5,interaction,2,1,3,0.24288470138677198,0.10479179752204286,0.08270707541851614,0.26693215833080264,0.0070028011204481795
treasury_2y_level,treasury,0,0,3,0.29246909883401756,0.12552691485737344,0.43927008516719646,1.0614361418104619,0.0
treasury_10y_level,treasury,0,0,3,0.2704143557827681,0.11039703706674954,0.6467876477749841,1.4450245635337258,0.0
treasury_10y_2y_slope,treasury,2,2,3,0.5068010497611976,0.2082262956688664,0.5507238030605072,0.6272686513246606,0.0
treasury_2y_change_1,treasury,0,0,3,0.10473209446507473,0.043329318744995224,0.08767602658401956,0.10584507300199787,0.0
treasury_2y_change_5,treasury,2,2,3,0.12013449223003284,0.05597531528941938,0.170256721071528,0.26400168588415984,0.0
treasury_2y_change_20,treasury,3,0,3,0.0665528012638926,0.027175175148793033,0.28286103898299125,0.5143106287230833,0.0
treasury_10y_change_1,treasury,1,1,3,0.1355850168949265,0.057904889429334076,0.09525148266252774,0.07792040567788545,0.0
treasury_10y_change_5,treasury,1,1,3,0.2149376606674252,0.0918802682427258,0.12242707066513207,0.19651207284039676,0.0
treasury_10y_change_20,treasury,3,0,3,0.1911825685993114,0.07927982725683576,0.2107543948571353,0.3445166198835848,0.0
treasury_slope_change_5,treasury,2,1,3,0.24480181488908384,0.10386255690197928,0.1840410858109819,0.23125224068041472,0.0
treasury_slope_change_20,treasury,0,0,3,0.1648122270894766,0.06832669306386574,0.28939419042331543,0.45877419414552356,0.0
treasury_10y_percentile_252,treasury,3,0,3,0.1770563801365838,0.0757341425108191,0.343905615025319,1.41668425087735,0.0
