diagnostic_id,fold,feature,category,train_rows,test_rows,train_observed_rows,test_observed_rows,train_missing_rate,test_missing_rate,missing_rate_delta,train_mean,test_mean,train_q1,train_median,train_q3,train_iqr,test_q1,test_median,test_q3,test_iqr,standardized_mean_difference,ks_statistic,ks_pvalue,wasserstein_distance,normalized_wasserstein_train_iqr
DIAG-001,2024,fear_greed,fear_greed,714,252,714,252,0.0,0.0,0.0,45.7406815882353,55.303854892857146,30.621429,44.9,60.257143,29.635714,43.50714275,55.671428500000005,69.77857175,26.271428999999998,0.5485514691454526,0.2544351073762839,4.3133544639635537e-11,9.824931333099908,0.33152335499998103
DIAG-001,2024,fg_change_1,fear_greed,714,252,713,252,0.0014005602240896359,0.0,-0.0014005602240896359,0.029412943899018253,-0.21587301587301588,-2.3666669999999996,0.2333330000000018,2.657142999999998,5.0238099999999974,-2.157143000000005,-0.028571499999998196,2.185714500000003,4.342857500000008,-0.05115209984521943,0.054553752309713044,0.6122214096909641,0.3088454503550837,0.061476339741169325
DIAG-001,2024,fg_change_3,fear_greed,714,252,711,252,0.004201680672268907,0.0,-0.004201680672268907,0.041738663853727175,-0.6126984166666669,-4.765713999999999,0.4857150000000132,5.845237499999998,10.610951499999997,-4.500000499999999,0.4714285000000018,3.835714249999997,8.335714749999996,-0.07719635535702103,0.09599156118143459,0.05998985450673436,0.9571162634619244,0.09020079523141017
DIAG-001,2024,fg_change_5,fear_greed,714,252,709,252,0.0070028011204481795,0.0,-0.0070028011204481795,0.04623547531734832,-0.981746031746032,-6.400000000000006,0.4285720000000026,7.583333999999999,13.983334000000005,-6.8178569999999965,-0.7714280000000002,5.471428749999998,12.289285749999994,-0.09172484531345523,0.09440974321087159,0.06728568232868772,1.3501167341325808,0.09655184765897606
DIAG-001,2024,fg_change_10,fear_greed,714,252,704,252,0.014005602240896359,0.0,-0.014005602240896359,-0.06106601846590917,-1.8297619087301589,-11.633333,0.20000000000000284,11.278571500000002,22.911904500000002,-9.578571749999996,-1.6714285000000046,5.778571249999999,15.357142999999995,-0.11352354560063303,0.1219336219336219,0.007217053376495222,3.116742413216991,0.13603157315957698
DIAG-001,2024,fg_min_5,fear_greed,714,252,713,252,0.0014005602240896359,0.0,-0.0014005602240896359,40.521647617110794,50.808503464285714,25.1,39.628571,54.628571,29.528571,39.685714,49.514286,64.114286,24.42857200000001,0.5761344673198854,0.3108428504641688,1.9944050231620507e-16,10.452675264681984,0.35398513746845334
DIAG-001,2024,fg_max_5,fear_greed,714,252,713,252,0.0014005602240896359,0.0,-0.0014005602240896359,50.83159152875176,60.200340115079364,37.542857,50.48,64.142857,26.60000000000001,49.914286000000004,60.571428499999996,72.428571,22.514285,0.5803918136942013,0.26870032725572696,2.4353380557557982e-12,9.604358404990094,0.3610661054507553
DIAG-001,2024,fg_distance_from_min_5,fear_greed,714,252,713,252,0.0014005602240896359,0.0,-0.0014005602240896359,5.222316834502104,4.495351428571428,0.0,3.7428570000000008,8.466666999999994,8.466666999999994,0.0,2.7428575000000066,7.803571250000003,7.803571250000003,-0.13028583736035906,0.08447984149246424,0.13086398396620522,0.7670055495558676,0.09059120307387407
DIAG-001,2024,fg_distance_from_max_5,fear_greed,714,252,713,252,0.0014005602240896359,0.0,-0.0014005602240896359,-5.087627077138849,-4.896485222222222,-7.742857000000001,-2.7666660000000007,0.0,7.742857000000001,-7.414285250000001,-2.2999994999999984,0.0,7.414285250000001,0.029461898897262796,0.07028762884302864,0.29921365041680026,0.34628412508070067,0.04472304280974072
DIAG-001,2024,fg_min_20,fear_greed,714,252,705,252,0.012605042016806723,0.0,-0.012605042016806723,30.695130011347512,42.90119061904762,16.928571,26.666667,40.585714,23.657143,37.021429000000005,40.457143,57.214286,20.192856999999997,0.7344984410460342,0.40124957784532256,2.670123177548049e-27,12.681611822120903,0.5360584675047575
DIAG-001,2024,fg_max_20,fear_greed,714,252,705,252,0.012605042016806723,0.0,-0.012605042016806723,59.79181767375887,67.47670063095238,48.114286,61.485714,68.057143,19.942856999999997,60.314286,66.714286,74.335714,14.021427999999993,0.5809048280470264,0.2914555893279298,1.9856156357240768e-14,7.795570503225264,0.3908953718730102
DIAG-001,2024,fg_distance_from_min_20,fear_greed,714,252,705,252,0.012605042016806723,0.0,-0.012605042016806723,14.790231670921985,12.402664273809524,4.314285999999999,11.328571999999994,21.714285999999998,17.4,5.021428250000007,10.3499995,17.0321425,12.010714249999992,-0.19372015523802066,0.11849037487335345,0.009832544565559466,2.7705648647923002,0.15922786579266093
DIAG-001,2024,fg_distance_from_max_20,fear_greed,714,252,705,252,0.012605042016806723,0.0,-0.012605042016806723,-14.306455991489361,-12.17284573809524,-23.066667,-11.971429,-2.4857139999999873,20.58095300000001,-17.414285749999998,-9.700000000000003,-3.24285725,14.171428499999998,0.1729524758809794,0.13546099290780148,0.0019428967271824648,2.507872313576494,0.12185404211245672
DIAG-001,2024,fg_percentile_60,fear_greed,714,252,700,252,0.0196078431372549,0.0,-0.0196078431372549,0.47558772928026244,0.45545634920634925,0.19166666666666668,0.4395833333333333,0.775,0.5833333333333334,0.175,0.4,0.725,0.55,-0.06314768796561994,0.05222222222222217,0.6704895495121523,0.02411283879210275,0.041336295072176135
DIAG-001,2024,fg_percentile_252,fear_greed,714,252,652,252,0.08683473389355742,0.0,-0.08683473389355742,0.5012165780231429,0.45041257243638194,0.17600108225108227,0.5119047619047619,0.8179563492063492,0.641955266955267,0.251984126984127,0.4464285714285714,0.6438492063492064,0.3918650793650794,-0.16342573313922443,0.21275197195442586,1.0738004271861082e-07,0.0984658009494962,0.1533842091778609
DIAG-001,2024,fg_acceleration_1_vs_5,fear_greed,714,252,709,252,0.0070028011204481795,0.0,-0.0070028011204481795,-0.014364966713681187,-0.019523809523809495,-1.9199996000000028,0.011428600000000788,2.093333399999999,4.013333000000001,-1.7042858000000058,-0.0814287000000064,2.034285400000001,3.7385712000000066,-0.0012240667822602806,0.05090447086215766,0.6970320191850743,0.2676939622920717,0.06670115893499783
DIAG-001,2024,fg_reversal_1_vs_5,fear_greed,714,252,709,252,0.0070028011204481795,0.0,-0.0070028011204481795,0.3229901269393512,0.30952380952380953,0.0,0.0,1.0,1.0,0.0,0.0,1.0,1.0,-0.028853388731479128,0.013466317415541718,0.9999999999997972,0.013466317415541718,0.013466317415541718
DIAG-001,2024,spx_return_1,market,714,252,714,252,0.0,0.0,0.0,0.00035257047304696425,0.0008634736808577511,-0.00613250328909537,0.0002400140438320042,0.007013396795290672,0.013145900084386042,-0.0029774169642441672,0.000992881298555237,0.005653355230908097,0.008630772195152264,0.04882261420974657,0.11157796451914098,0.017765639202407528,0.0025529229251154925,0.1941991730294459
DIAG-001,2024,spx_return_3,market,714,252,714,252,0.0,0.0,0.0,0.0010028420745089217,0.002649699900669184,-0.009113515038260384,0.0021116362868507377,0.012760056439365675,0.021873571477626058,-0.005058693642504247,0.004545667012642807,0.011254879989625655,0.016313573632129902,0.09190785549658484,0.09430438842203548,0.06790055700009415,0.0043304629719553385,0.19797695023809272
DIAG-001,2024,spx_return_5,market,714,252,714,252,0.0,0.0,0.0,0.0015790072319139107,0.004588966474508129,-0.01132953606906012,0.0030551947561049397,0.015991904483284414,0.027321440552344534,-0.00433923672410802,0.005618181174963155,0.015391767146017088,0.019731003870125108,0.13396996928169125,0.10877684407096175,0.022420145248129693,0.005704492343648135,0.20879178507147259
DIAG-001,2024,spx_return_10,market,714,252,714,252,0.0,0.0,0.0,0.003029352147772737,0.009221254774031844,-0.015838897039265137,0.0067563529197434136,0.025129825974624265,0.0409687230138894,-0.003296888081853161,0.011313274923560601,0.02359268356226485,0.02688957164411801,0.2026863060826023,0.15126050420168066,0.0003474495712294612,0.00968072245357972,0.23629544055590207
DIAG-001,2024,spx_return_20,market,714,252,714,252,0.0,0.0,0.0,0.005643878300456257,0.020280670162018132,-0.023709702226693136,0.01012961086856401,0.036623775345984544,0.06033347757267768,0.008909018640490873,0.025775822215979627,0.03493778843158463,0.026028769791093753,0.3581945561927123,0.25980392156862747,1.499410241843981e-11,0.021148344414400024,0.3505242075417373
DIAG-001,2024,spx_return_60,market,714,252,714,252,0.0,0.0,0.0,0.01663242823390228,0.06971424468198725,-0.03111189583250909,0.03216281659344433,0.06666755040607952,0.09777944623858861,0.040885151300112166,0.06439096767368835,0.09656430026878898,0.05567914896867682,0.898285195187217,0.3821195144724556,8.407435183191236e-25,0.05308181644808498,0.5428729501961146
DIAG-001,2024,spx_distance_ma_20,market,714,252,714,252,0.0,0.0,0.0,0.00244793934105405,0.008893058373708653,-0.012841395255014931,0.006549085367763663,0.020299797612656434,0.033141192867671365,0.002550689797640726,0.012540026712453023,0.020073383761178065,0.01752269396353734,0.2748367274700019,0.1970121381886088,8.367274733000648e-07,0.009612353344519308,0.2900424671767317
DIAG-001,2024,spx_distance_ma_50,market,714,252,714,252,0.0,0.0,0.0,0.00572961490630988,0.025522143535703992,-0.01710890939865281,0.014357699595085593,0.032293241284409024,0.049402150683061835,0.016666852097917628,0.03031841804107438,0.041039297969026334,0.024372445871108706,0.5871088502010877,0.2864145658263305,5.6551184076924235e-14,0.020970249784010325,0.42448050325874265
DIAG-001,2024,spx_distance_ma_200,market,714,252,714,252,0.0,0.0,0.0,0.03254196101580286,0.10291789533080757,-0.022928253575536822,0.0434944471574934,0.10076123591569275,0.12368948949122957,0.08913894718077847,0.10286062138606811,0.11975104087008542,0.030612093689306952,1.010448263423767,0.5513538748832867,7.896099827939419e-53,0.07127449795738737,0.5762373039985844
DIAG-001,2024,spx_distance_high_20,market,714,252,714,252,0.0,0.0,0.0,-0.02488944001589403,-0.010817063425469498,-0.040031038086736026,-0.013184144281932264,-0.0010137177920667428,0.03901732029466928,-0.0141964504371902,-0.004112788786778343,0.0,0.0141964504371902,0.5328856185602546,0.25653594771241833,2.8605006159475108e-11,0.014072376590424537,0.3606699917920085
DIAG-001,2024,spx_drawdown_20,market,714,252,714,252,0.0,0.0,0.0,-0.02488944001589403,-0.010817063425469498,-0.040031038086736026,-0.013184144281932264,-0.0010137177920667428,0.03901732029466928,-0.0141964504371902,-0.004112788786778343,0.0,0.0141964504371902,0.5328856185602546,0.25653594771241833,2.8605006159475108e-11,0.014072376590424537,0.3606699917920085
DIAG-001,2024,spx_rebound_from_low_20,market,714,252,714,252,0.0,0.0,0.0,0.03592784645673236,0.03574655077653725,0.015521880740738903,0.03347687986140946,0.05371525012338185,0.03819336938264295,0.024048981522812096,0.03498826882195627,0.04739879209087511,0.023349810568063012,-0.007369544938993544,0.13375350140056025,0.0022838629504362724,0.006887094112356623,0.18032172137937838
DIAG-001,2024,spx_distance_high_60,market,714,252,714,252,0.0,0.0,0.0,-0.04155279968472107,-0.011883570895571165,-0.06289724310074932,-0.023436560067298995,-0.004601594818117477,0.05829564828263184,-0.016488777287294865,-0.006085792910975274,-0.000569851318069331,0.015918925969225534,0.7265443724059931,0.3443043884220355,4.040992541070118e-20,0.029669228789149904,0.5089441435715079
DIAG-001,2024,spx_drawdown_60,market,714,252,714,252,0.0,0.0,0.0,-0.04155279968472107,-0.011883570895571165,-0.06289724310074932,-0.023436560067298995,-0.004601594818117477,0.05829564828263184,-0.016488777287294865,-0.006085792910975274,-0.000569851318069331,0.015918925969225534,0.7265443724059931,0.3443043884220355,4.040992541070118e-20,0.029669228789149904,0.5089441435715079
DIAG-001,2024,spx_rebound_from_low_60,market,714,252,714,252,0.0,0.0,0.0,0.06818477656408713,0.0928662079217659,0.04446051495539399,0.07150623703966774,0.09297763811515097,0.04851712315975698,0.068355472892761,0.09837944958607048,0.11530923958540318,0.046953766692642174,0.6925225756280554,0.31629318394024275,5.393572555898728e-17,0.024681431357678776,0.5087158873045268
DIAG-001,2024,spx_distance_high_252,market,714,252,714,252,0.0,0.0,0.0,-0.0746108933162621,-0.011883570895571165,-0.13855240908597163,-0.045146710501688336,-0.007838562908642155,0.13071384617732948,-0.016488777287294865,-0.006085792910975274,-0.000569851318069331,0.015918925969225534,0.9801281899534482,0.4670868347338936,2.3436706166003075e-37,0.06272732242069093,0.47988276877411723
DIAG-001,2024,spx_drawdown_252,market,714,252,714,252,0.0,0.0,0.0,-0.0746108933162621,-0.011883570895571165,-0.13855240908597163,-0.045146710501688336,-0.007838562908642155,0.13071384617732948,-0.016488777287294865,-0.006085792910975274,-0.000569851318069331,0.015918925969225534,0.9801281899534482,0.4670868347338936,2.3436706166003075e-37,0.06272732242069093,0.47988276877411723
DIAG-001,2024,spx_rebound_from_low_252,market,714,252,714,252,0.0,0.0,0.0,0.23531760628347773,0.3160027946713827,0.10937414401236906,0.19032514412493717,0.34542270686712934,0.23604856285476028,0.28246501548286185,0.3157253078021164,0.34721307439605126,0.06474805891318941,0.5262686239596958,0.5819327731092437,2.9059404658317435e-59,0.13170637521066064,0.5579630463232222
DIAG-001,2024,spx_realized_vol_5,market,714,252,714,252,0.0,0.0,0.0,0.1590509006241954,0.11424870663073566,0.09620841416633946,0.1421269430895975,0.208640015734126,0.11243160156778653,0.07231961152996899,0.10696172936327925,0.14326782570566354,0.07094821417569455,-0.5724542454778278,0.2626050420168067,8.56073537228638e-12,0.04496521586339963,0.3999339619500972
DIAG-001,2024,spx_realized_vol_20,market,714,252,714,252,0.0,0.0,0.0,0.16768891569723746,0.12004337093498195,0.11712706853907984,0.15731325810465843,0.20060511607730247,0.08347804753822263,0.09663317024939656,0.11584173596331547,0.1393634139647001,0.042730243715303526,-0.8109224363967087,0.4409430438842203,3.494579244335612e-33,0.04764554476225549,0.5707553802146572
DIAG-001,2024,spx_realized_vol_60,market,714,252,714,252,0.0,0.0,0.0,0.16931648591662105,0.12218916449519256,0.11840698505657518,0.15189338820959064,0.21749266767323616,0.09908568261666098,0.10825928930969003,0.11624799639892172,0.12891083383300214,0.02065154452331211,-0.9249333546886077,0.4297385620915032,1.7619830492171879e-31,0.04713344579458456,0.4756837168587988
DIAG-001,2024,interaction_fg_x_drawdown_20,interaction,714,252,714,252,0.0,0.0,0.0,-0.8137324580254292,-0.4543195413877328,-1.3258219180527817,-0.5525714720161226,-0.06271192491124837,1.2631099931415333,-0.7055731753089766,-0.26935315134662663,0.0,0.7055731753089766,0.46346700381793904,0.20401493930905698,2.8830366738324103e-07,0.3594129166376965,0.2845460162529359
DIAG-001,2024,interaction_fg_x_vol_20,interaction,714,252,714,252,0.0,0.0,0.0,7.303124660301237,6.476674429545245,4.666571503296303,6.86317749457732,9.072827152483113,4.40625564918681,4.68994411739495,6.594322454039028,8.137616085794809,3.4476719683998587,-0.25762072872655545,0.15662931839402416,0.00018611641784021477,1.0262994902474825,0.23291873462605142
DIAG-001,2024,interaction_fg_change_5_x_spx_return_5,interaction,714,252,709,252,0.0070028011204481795,0.0,-0.0070028011204481795,0.20544564673329782,0.12054990217819936,0.0049322455111685945,0.07176015154877667,0.2677674924365003,0.26283524692533167,-0.00223670543721146,0.03147367572042489,0.17207768162268594,0.1743143870598974,-0.26693215833080264,0.14332169162916686,0.0008421426569978453,0.08496309287381354,0.3232560848201251
DIAG-001,2024,treasury_2y_level,treasury,714,252,714,252,0.0,0.0,0.0,2.6256162464985993,4.370238095238096,0.375,3.03,4.4175,4.0425,4.1274999999999995,4.36,4.692500000000001,0.5650000000000013,1.0614361418104619,0.5644257703081232,1.597073908046154e-55,1.7629038281979459,0.4360924745078406
DIAG-001,2024,treasury_10y_level,treasury,714,252,714,252,0.0,0.0,0.0,2.7972128851540616,4.20781746031746,1.61,2.95,3.7475,2.1375,4.06,4.25,4.39,0.33000000000000007,1.4450245635337258,0.7051820728291317,2.2882493334695916e-90,1.4197642390289449,0.6642171878497988
DIAG-001,2024,treasury_10y_2y_slope,treasury,714,252,714,252,0.0,0.0,0.0,0.17159663865546224,-0.1624206349206349,-0.5499999999999998,-0.0050000000000001155,1.0575,1.6075,-0.35000000000000053,-0.2400000000000002,0.060000000000000164,0.4100000000000007,-0.467846313658901,0.41316526610644255,4.6966308663869384e-29,0.5462114845938375,0.3397894149883904
DIAG-001,2024,treasury_2y_change_1,treasury,714,252,714,252,0.0,0.0,0.0,0.006162464985994396,0.0001587301587301571,-0.020000000000000018,0.0,0.040000000000000036,0.06000000000000005,-0.040000000000000036,0.0,0.040000000000000036,0.08000000000000007,-0.08431919692427307,0.10737628384687203,0.02513065503479378,0.013225957049486467,0.2204326174914409
DIAG-001,2024,treasury_2y_change_5,treasury,714,252,714,252,0.0,0.0,0.0,0.03243697478991596,0.0007936507936507926,-0.02000000000000035,0.020000000000000018,0.11000000000000032,0.13000000000000067,-0.08000000000000007,0.0,0.08999999999999986,0.16999999999999993,-0.21184024821583025,0.20401493930905693,2.8830366738324103e-07,0.039262371615312784,0.30201824319471215
DIAG-001,2024,treasury_2y_change_20,treasury,714,252,714,252,0.0,0.0,0.0,0.13512605042016806,-0.015515873015873012,-0.01999999999999999,0.08999999999999993,0.29000000000000004,0.31000000000000005,-0.2300000000000001,-0.040000000000000036,0.2225000000000006,0.4525000000000007,-0.5103611797495872,0.3106909430438842,2.102078858561857e-16,0.16069327731092442,0.5183654106804013
DIAG-001,2024,treasury_10y_change_1,treasury,714,252,714,252,0.0,0.0,0.0,0.004327731092436975,0.002698412698412701,-0.040000000000000036,0.009999999999999787,0.04999999999999982,0.08999999999999986,-0.040000000000000036,0.0,0.040000000000000036,0.08000000000000007,-0.02482803530754753,0.08683473389355734,0.11309588323341994,0.01065826330532212,0.11842514783691263
DIAG-001,2024,treasury_10y_change_5,treasury,714,252,714,252,0.0,0.0,0.0,0.02322128851540616,0.014484126984126981,-0.05999999999999983,0.029999999999999805,0.11999999999999988,0.17999999999999972,-0.0699999999999994,0.019999999999999574,0.10000000000000009,0.16999999999999948,-0.06333448899018118,0.0714285714285714,0.2831598697222902,0.013597105508870236,0.0755394750492792
DIAG-001,2024,treasury_10y_change_20,treasury,714,252,714,252,0.0,0.0,0.0,0.09756302521008405,0.03277777777777779,-0.08999999999999986,0.08999999999999986,0.30000000000000027,0.3900000000000001,-0.14999999999999958,-0.009999999999999787,0.22999999999999976,0.37999999999999934,-0.23489755115089836,0.1538281979458449,0.0002584785932220223,0.07854341736694676,0.20139337786396597
DIAG-001,2024,treasury_slope_change_5,treasury,714,252,714,252,0.0,0.0,0.0,-0.009215686274509804,0.01369047619047619,-0.0799999999999998,-0.01999999999999985,0.050000000000000044,0.12999999999999984,-0.03999999999999915,0.010000000000000009,0.0600000000000005,0.09999999999999964,0.23125224068041472,0.18370681605975725,5.7049108356733385e-06,0.035571895424836575,0.27362996480643553
DIAG-001,2024,treasury_slope_change_20,treasury,714,252,714,252,0.0,0.0,0.0,-0.03756302521008403,0.0482936507936508,-0.19999999999999996,-0.04499999999999971,0.09000000000000075,0.2900000000000007,-0.05000000000000038,0.03000000000000025,0.1299999999999999,0.18000000000000027,0.45877419414552356,0.3352007469654529,4.506093695800987e-19,0.1021638655462185,0.3522891915386836
DIAG-001,2024,treasury_10y_percentile_252,treasury,714,252,714,252,0.0,0.0,0.0,0.8264917077942286,0.5358245149911818,0.7063492063492064,0.8849206349206349,0.9781746031746031,0.27182539682539675,0.3288690476190476,0.6160714285714286,0.7604166666666666,0.431547619047619,-1.41668425087735,0.4820261437908496,7.178930714214508e-40,0.29066719280304715,1.0693158041805533
DIAG-001,2025,fear_greed,fear_greed,966,250,966,250,0.0,0.0,0.0,48.858566489648034,43.638971432,35.4,49.314285999999996,63.95000025,28.550000250000004,26.371429,44.4714285,60.921428750000004,34.549999750000005,-0.2819700729214535,0.1296645962732919,0.0022413970820847626,5.219595057648036,0.1828229426249492
DIAG-001,2025,fg_change_1,fear_greed,966,250,965,250,0.0010351966873706005,0.0,-0.0010351966873706005,0.022709104663212423,0.06777142799999997,-2.0857149999999933,0.2285710000000023,2.542856999999998,4.628571999999991,-2.1357142499999995,0.18571400000000082,2.114286,4.250000249999999,0.009690961171071629,0.04719170984455967,0.746816899765465,0.40065617320207253,0.08656150821507655
DIAG-001,2025,fg_change_3,fear_greed,966,250,963,250,0.003105590062111801,0.0,-0.003105590062111801,0.03286357113187953,0.19405714400000001,-4.535713999999999,0.6285720000000055,5.585714499999998,10.121428499999997,-4.214285500000003,0.7571430000000063,5.53571425,9.749999750000002,0.01951713177920719,0.042641744548286564,0.844889957293562,0.37293723467497425,0.036846304321072304
DIAG-001,2025,fg_change_5,fear_greed,966,250,961,250,0.005175983436853002,0.0,-0.005175983436853002,0.03265447658688865,0.370742856,-6.114286000000007,0.2857139999999987,7.233332999999998,13.347619000000005,-5.6571427500000055,1.3000000000000007,7.442857000000002,13.099999750000007,0.030708038233671287,0.06780437044745063,0.3049958387048261,0.8651646778189384,0.06481790331436176
DIAG-001,2025,fg_change_10,fear_greed,966,250,956,250,0.010351966873706004,0.0,-0.010351966873706004,-0.08283522698744775,0.674457144,-10.467857250000002,0.016666999999999987,10.2392855,20.707142750000003,-8.814286249999999,-0.5,10.478571250000002,19.2928575,0.04913425077701677,0.049564853556485294,0.692415491826509,0.8929670552050208,0.04312362482771896
DIAG-001,2025,fg_min_5,fear_greed,966,250,965,250,0.0010351966873706005,0.0,-0.0010351966873706005,43.82135356683938,38.831314296,27.671429,43.4,58.742857,31.071428,21.8428575,37.828571499999995,55.2714285,33.428571,-0.26307069987505627,0.1570362694300518,9.544756914652141e-05,5.16224949011399,0.16614136595569376
DIAG-001,2025,fg_max_5,fear_greed,966,250,965,250,0.0010351966873706005,0.0,-0.0010351966873706005,53.722557106735756,48.125942892,41.385714,54.628571,66.857143,25.471428999999993,33.9142855,48.9714285,64.428571,30.514285500000007,-0.32476920120604585,0.14325388601036274,0.0005052746383928859,5.596614214735752,0.21972124982606014
DIAG-001,2025,fg_distance_from_min_5,fear_greed,966,250,965,250,0.0010351966873706005,0.0,-0.0010351966873706005,5.042869468393783,4.8076571359999996,0.0,3.433334000000002,8.214286000000001,8.214286000000001,0.0,2.9714284999999983,7.600000000000001,7.600000000000001,-0.04284014142985163,0.03834196891191721,0.9191306331378805,0.26658428489119146,0.032453737901406335
DIAG-001,2025,fg_distance_from_max_5,fear_greed,966,250,965,250,0.0010351966873706005,0.0,-0.0010351966873706005,-4.85833407150259,-4.48697146,-7.300000000000001,-2.3428579999999997,0.0,7.300000000000001,-6.857142750000003,-2.171428500000001,0.0,6.857142750000003,0.05933913484587816,0.06920207253886007,0.2822046690952424,0.43825379832124345,0.06003476689332102
DIAG-001,2025,fg_min_20,fear_greed,966,250,957,250,0.009316770186335404,0.0,-0.009316770186335404,34.27127434273772,29.390228584,20.066667,35.514286,43.84,23.773333000000004,11.042857,24.257143,50.657143,39.614286,-0.26955490948704425,0.23240543364681296,6.872250715633796e-10,7.270087719490072,0.3058085174464208
DIAG-001,2025,fg_max_20,fear_greed,966,250,957,250,0.009316770186335404,0.0,-0.009316770186335404,61.987060772204806,55.872342804,52.8,63.033333,74.0,21.200000000000003,45.8,56.057143,69.2142855,23.414285500000005,-0.43392593738840973,0.23821525600835947,2.2607592395842242e-10,6.114717968204808,0.2884300928398494
DIAG-001,2025,fg_distance_from_min_20,fear_greed,966,250,957,250,0.009316770186335404,0.0,-0.009316770186335404,14.428525616509926,14.248742848000001,4.733332999999998,11.385714,20.914286,16.180953000000002,4.971428249999997,10.2428575,19.242857250000004,14.271429000000007,-0.014243992665432716,0.07847857889237198,0.1635162383131533,1.5359469417178684,0.09492314462058372
DIAG-001,2025,fg_distance_from_max_20,fear_greed,966,250,957,250,0.009316770186335404,0.0,-0.009316770186335404,-13.28726081295716,-12.233371371999999,-20.9,-10.366667,-2.428571000000005,18.471428999999993,-19.4857145,-9.371428499999997,-2.8928567500000053,16.592857749999993,0.08736233613918881,0.04491954022988508,0.7982707095932974,1.1106172405977015,0.060126221993853424
DIAG-001,2025,fg_percentile_60,fear_greed,966,250,952,250,0.014492753623188406,0.0,-0.014492753623188406,0.4879234003811453,0.4249,0.20833333333333334,0.4583333333333333,0.775,0.5666666666666667,0.10833333333333334,0.375,0.725,0.6166666666666667,-0.19516018708950233,0.11343697478991599,0.011129308042009452,0.06302340038114529,0.11121776537849169
DIAG-001,2025,fg_percentile_252,fear_greed,966,250,904,250,0.06418219461697723,0.0,-0.06418219461697723,0.49971198832136915,0.43950000000000006,0.2197420634920635,0.5099206349206349,0.7797619047619048,0.5600198412698413,0.14484126984126985,0.4305555555555556,0.7202380952380952,0.5753968253968254,-0.1920237801003348,0.10199999999999998,0.031258401253471235,0.06032145856753735,0.10771307393459283
DIAG-001,2025,fg_acceleration_1_vs_5,fear_greed,966,250,961,250,0.005175983436853002,0.0,-0.005175983436853002,-0.009325602913631643,-0.006377143199999942,-1.8285714,-0.017143199999995362,2.0342857999999993,3.862857199999999,-1.9492853499999998,-0.10285710000000137,2.1207146499999983,4.0699999999999985,0.0007232241321600382,0.05722788761706554,0.5124251262871546,0.2907632821685744,0.07527155861950435
DIAG-001,2025,fg_reversal_1_vs_5,fear_greed,966,250,961,250,0.005175983436853002,0.0,-0.005175983436853002,0.3173777315296566,0.344,0.0,0.0,1.0,1.0,0.0,0.0,1.0,1.0,0.056904987178018826,0.026622268470343435,0.9982019270018836,0.026622268470343324,0.026622268470343324
DIAG-001,2025,spx_return_1,market,966,250,966,250,0.0,0.0,0.0,0.0005589374958976315,0.0006761816172241338,-0.005043390720378765,0.0007904050924119055,0.0065810218040230906,0.011624412524401856,-0.0036441273013609887,0.0012943399877609618,0.005734461714311856,0.009378589015672845,0.010939531401306716,0.06421532091097304,0.3675045692291545,0.0015246229020351083,0.13115698525277164
DIAG-001,2025,spx_return_3,market,966,250,966,250,0.0,0.0,0.0,0.0016329302727382694,0.002003362290725696,-0.007876520021557809,0.0032255922524054847,0.012068008109430428,0.019944528130988237,-0.007435541702859955,0.003870137684787167,0.012066694365693131,0.019502236068553086,0.020358087924718205,0.04546583850931679,0.785492152538393,0.0019604106133876468,0.0982931559228877
DIAG-001,2025,spx_return_5,market,966,250,966,250,0.0,0.0,0.0,0.0026477826293121714,0.0031928090639688454,-0.008789110594633637,0.004117269901261045,0.015964042095233,0.024753152689866637,-0.007603500293692528,0.005383818341064606,0.013902633868901892,0.02150613416259442,0.02402582371208202,0.06687370600414078,0.32001650685209143,0.0021531002143238553,0.08698286805321911
DIAG-001,2025,spx_return_10,market,966,250,966,250,0.0,0.0,0.0,0.005147637586410549,0.006163204463886188,-0.012681554661663541,0.008735080941266737,0.02478024860037764,0.03746180326204118,-0.005705286868883108,0.009134144854776705,0.021658036973407624,0.027363323842290732,0.033254526687987514,0.07738302277432715,0.1743336925154046,0.0034202397162874636,0.09129938813578364
DIAG-001,2025,spx_return_20,market,966,250,966,250,0.0,0.0,0.0,0.010228425956023126,0.011511146186766364,-0.014004502273104513,0.018278539542728622,0.03879284860689225,0.05279735087999676,-0.009452028255702738,0.017357970828298486,0.03479209352636914,0.04424412178207188,0.030683403042388223,0.055917184265010356,0.5415872363822775,0.004430620593399543,0.0839174791831869
DIAG-001,2025,spx_return_60,market,966,250,966,250,0.0,0.0,0.0,0.030708624211645823,0.03583473846769064,-0.0015555503383090363,0.04399970956804633,0.07528476721666588,0.07684031755497492,-0.005583172774740186,0.04271744387308052,0.07880374755301472,0.08438692032775491,0.07769460100679587,0.06964803312629397,0.27510638633982715,0.008316926170106284,0.10823648879581987
DIAG-001,2025,spx_distance_ma_20,market,966,250,966,250,0.0,0.0,0.0,0.004576316483799017,0.005380384447991601,-0.008510831433099109,0.009360102522720903,0.020811878528830263,0.029322709961929372,-0.0020482358339152518,0.01009704578833659,0.017236337122203238,0.01928457295611849,0.03395964696281832,0.11089026915113875,0.013786362056025748,0.003964193770121755,0.1351919305981131
DIAG-001,2025,spx_distance_ma_50,market,966,250,966,250,0.0,0.0,0.0,0.011748080148237498,0.01329168548273763,-0.006799827024975197,0.020744360579465604,0.037603314275798216,0.04440314130077341,-0.0001651119265323464,0.019314806034839482,0.03742550486451207,0.03759061679104442,0.0429080151063364,0.08362732919254667,0.11635087325468908,0.00380319018780805,0.08565137682594105
DIAG-001,2025,spx_distance_ma_200,market,966,250,966,250,0.0,0.0,0.0,0.05079392020393899,0.055591238012668694,0.0029136572755055212,0.07583920353667617,0.11056425641916773,0.1076505991436622,0.02676359983367993,0.07301853347370035,0.09616680566514557,0.06940320583146564,0.06650468137168038,0.18228571428571416,3.0041200666780383e-06,0.020235272028895218,0.18797175482405612
DIAG-001,2025,spx_distance_high_20,market,966,250,966,250,0.0,0.0,0.0,-0.02100049101750192,-0.017922171846698334,-0.03128919687416634,-0.009170577515453138,-0.0006237954638014243,0.030665401410364918,-0.02332976064105266,-0.0076233565216102805,-6.0161040097123086e-05,0.023269599600955537,0.11424460982183128,0.07968530020703934,0.1507470186215424,0.0034313982364787684,0.11189803748399506
DIAG-001,2025,spx_drawdown_20,market,966,250,966,250,0.0,0.0,0.0,-0.02100049101750192,-0.017922171846698334,-0.03128919687416634,-0.009170577515453138,-0.0006237954638014243,0.030665401410364918,-0.02332976064105266,-0.0076233565216102805,-6.0161040097123086e-05,0.023269599600955537,0.11424460982183128,0.07968530020703934,0.1507470186215424,0.0034313982364787684,0.11189803748399506
DIAG-001,2025,spx_rebound_from_low_20,market,966,250,966,250,0.0,0.0,0.0,0.036355846298212174,0.03875221572666371,0.018439361150599354,0.03462416179335115,0.05151716879825008,0.033077807647650725,0.02137743218903948,0.0349397055918782,0.04622746818678908,0.024850035997749598,0.09311739061321145,0.08810766045548646,0.08538001585387674,0.0056447666203880585,0.17065117133870766
DIAG-001,2025,spx_distance_high_60,market,966,250,966,250,0.0,0.0,0.0,-0.03359510663448756,-0.027109394350199902,-0.04824899415255976,-0.014821158837878767,-0.0020829665448376666,0.04616602760772209,-0.0314959050062322,-0.008771324597805719,-0.0014396352129339707,0.03005626979329823,0.15358603587381303,0.12663354037267083,0.0030647372568411257,0.006586988763169458,0.14268043200813896
DIAG-001,2025,spx_drawdown_60,market,966,250,966,250,0.0,0.0,0.0,-0.03359510663448756,-0.027109394350199902,-0.04824899415255976,-0.014821158837878767,-0.0020829665448376666,0.04616602760772209,-0.0314959050062322,-0.008771324597805719,-0.0014396352129339707,0.03005626979329823,0.15358603587381303,0.12663354037267083,0.0030647372568411257,0.006586988763169458,0.14268043200813896
DIAG-001,2025,spx_rebound_from_low_60,market,966,250,966,250,0.0,0.0,0.0,0.07619060440763066,0.09119647623371938,0.0511746675518317,0.07841974104377913,0.10307038481850073,0.05189571726666903,0.046162535811138106,0.07524387317418946,0.1231232389737823,0.0769607031626442,0.33549378310547023,0.18527536231884068,1.9234705478293976e-06,0.01966758367521254,0.3789827891606078
DIAG-001,2025,spx_distance_high_252,market,966,250,966,250,0.0,0.0,0.0,-0.058029349753452655,-0.029535668607334056,-0.10396252097674402,-0.023160499852561467,-0.003284308759612664,0.10067821221713136,-0.03923380416589517,-0.013093444616699257,-0.002753347252777899,0.03648045691311727,0.4407134068994289,0.19672877846790893,3.28405224468779e-07,0.0284936811461186,0.28301735319521426
DIAG-001,2025,spx_drawdown_252,market,966,250,966,250,0.0,0.0,0.0,-0.058029349753452655,-0.029535668607334056,-0.10396252097674402,-0.023160499852561467,-0.003284308759612664,0.10067821221713136,-0.03923380416589517,-0.013093444616699257,-0.002753347252777899,0.03648045691311727,0.4407134068994289,0.19672877846790893,3.28405224468779e-07,0.0284936811461186,0.28301735319521426
DIAG-001,2025,spx_rebound_from_low_252,market,966,250,966,250,0.0,0.0,0.0,0.2552521674005134,0.25268831047302104,0.1351952342667906,0.25114490212780294,0.3462904285710451,0.2110951943042545,0.19202568454082497,0.2566313231129218,0.33342650098870114,0.14140081644787617,-0.017555046669785423,0.1589316770186336,7.471298677287524e-05,0.046945750530901914,0.22239137506483608
DIAG-001,2025,spx_realized_vol_5,market,966,250,966,250,0.0,0.0,0.0,0.14659361595340747,0.14386568726722349,0.08820099113019837,0.1313631563461105,0.18547537172889567,0.0972743805986973,0.0767879823021067,0.115343225156915,0.1667740136411541,0.0899860313390474,-0.02959375275354409,0.13115527950310557,0.0019171081249579102,0.024537931944846676,0.25225482592458975
DIAG-001,2025,spx_realized_vol_20,market,966,250,966,250,0.0,0.0,0.0,0.15487130712095765,0.15934095197606904,0.10815425262896682,0.14071361183416936,0.1876165808925734,0.0794623282636066,0.10112180163604406,0.1308535826638292,0.16100602376681583,0.05988422213077177,0.06090144015089297,0.13356521739130434,0.0014826474767121733,0.026403306774062156,0.3322745173847965
DIAG-001,2025,spx_realized_vol_60,market,966,250,966,250,0.0,0.0,0.0,0.15726569185231049,0.16932331713560683,0.11367337192320025,0.13849531909881074,0.1929220460051546,0.07924867408195437,0.11021302810116101,0.12894191609581074,0.21419255815244434,0.10397953005128333,0.19386964267310133,0.22696480331262947,1.818063561330028e-09,0.022453363734438625,0.28332794200718947
DIAG-001,2025,interaction_fg_x_drawdown_20,interaction,966,250,966,250,0.0,0.0,0.0,-0.7150330468286499,-0.41463139646090474,-1.1980165035234875,-0.45453138258739767,-0.03073381394835613,1.1672826895751314,-0.6374846690716864,-0.3091514486436913,-0.003275703632613677,0.6342089654390728,0.4097382060260586,0.21145341614906835,2.8765923549037766e-08,0.30062064352632745,0.2575388517375749
DIAG-001,2025,interaction_fg_x_vol_20,interaction,966,250,966,250,0.0,0.0,0.0,7.1322822300091415,6.016339615901573,4.780012325193688,6.821131997347702,8.761238567139246,3.981226241945558,3.9703685855800055,5.391710513847305,6.5425944748935745,2.572225889313569,-0.3390776497596348,0.2992463768115942,3.1551680031501117e-16,1.3758243505109853,0.3455780372427775
DIAG-001,2025,interaction_fg_change_5_x_spx_return_5,interaction,966,250,961,250,0.005175983436853002,0.0,-0.005175983436853002,0.18197698724911612,0.1639876193621903,0.002260998790316062,0.057493541156817075,0.23304675036893724,0.2307857515786212,0.0017088959128361294,0.051526408742939386,0.1933672680501718,0.19165837213733566,-0.05697465196901822,0.04621852237252855,0.7692420271346763,0.022996327961730418,0.09964362099666417
DIAG-001,2025,treasury_2y_level,treasury,966,250,966,250,0.0,0.0,0.0,3.0854658385093168,3.8074000000000003,0.9375,3.99,4.577500000000001,3.6400000000000006,3.58,3.78,3.96,0.3799999999999999,0.44469797246687104,0.4109730848861284,1.160242760198999e-30,1.2816098550724642,0.3520906195254022
DIAG-001,2025,treasury_10y_level,treasury,966,250,966,250,0.0,0.0,0.0,3.157298136645963,4.290039999999999,1.75,3.57,4.137499999999999,2.3874999999999993,4.14,4.28,4.42,0.28000000000000025,1.1027012663450342,0.6783354037267081,1.0701646158126227e-88,1.1368407453416152,0.47616366297031015
DIAG-001,2025,treasury_10y_2y_slope,treasury,966,250,966,250,0.0,0.0,0.0,0.07183229813664595,0.48264,-0.4500000000000002,-0.19999999999999996,0.76,1.2100000000000002,0.4099999999999998,0.52,0.5500000000000002,0.14000000000000035,0.6272686513246606,0.6625258799171843,3.937542905014268e-84,0.7070680745341615,0.584353780606745
DIAG-001,2025,treasury_2y_change_1,treasury,966,250,966,250,0.0,0.0,0.0,0.003995859213250515,-0.0032799999999999956,-0.020000000000000462,0.0,0.040000000000000036,0.0600000000000005,-0.03000000000000025,0.0,0.03000000000000025,0.0600000000000005,-0.10584507300199787,0.09758178053830224,0.04207702951625819,0.014565465838509302,0.242757763975153
DIAG-001,2025,treasury_2y_change_5,treasury,966,250,966,250,0.0,0.0,0.0,0.020993788819875778,-0.016759999999999994,-0.040000000000000036,0.01999999999999999,0.10000000000000042,0.14000000000000046,-0.07999999999999963,-0.015000000000000124,0.04999999999999982,0.12999999999999945,-0.26400168588415984,0.19008695652173913,9.273823922840781e-07,0.05118699792960664,0.36562141378290336
DIAG-001,2025,treasury_2y_change_20,treasury,966,250,966,250,0.0,0.0,0.0,0.08759834368530021,-0.05879999999999999,-0.05000000000000071,0.060000000000000005,0.27,0.32000000000000073,-0.16000000000000003,-0.06999999999999984,0.029999999999999694,0.18999999999999972,-0.5143106287230833,0.3471387163561077,8.448751731104302e-22,0.18872248447204967,0.5897577639751539
DIAG-001,2025,treasury_10y_change_1,treasury,966,250,966,250,0.0,0.0,0.0,0.0029917184265010363,-0.0019200000000000018,-0.040000000000000036,0.0,0.040000000000000036,0.08000000000000007,-0.03749999999999942,0.0,0.03000000000000025,0.06749999999999967,-0.07792040567788545,0.095511387163561,0.04941607657017727,0.012603478260869584,0.15754347826086967
DIAG-001,2025,treasury_10y_change_5,treasury,966,250,966,250,0.0,0.0,0.0,0.016521739130434785,-0.009519999999999999,-0.0699999999999994,0.020000000000000018,0.1100000000000001,0.1799999999999995,-0.07000000000000028,0.0,0.05000000000000049,0.12000000000000077,-0.19651207284039676,0.17620703933747406,7.234332731452562e-06,0.038317349896480335,0.21287416609155801
DIAG-001,2025,treasury_10y_change_20,treasury,966,250,966,250,0.0,0.0,0.0,0.069824016563147,-0.021800000000000007,-0.1200000000000001,0.05499999999999994,0.2800000000000002,0.4000000000000003,-0.14000000000000057,-0.020000000000000018,0.07750000000000012,0.2175000000000007,-0.3445166198835848,0.3046211180124223,8.286347264699519e-17,0.1322625258799172,0.33065631469979273
DIAG-001,2025,treasury_slope_change_5,treasury,966,250,966,250,0.0,0.0,0.0,-0.0044720496894409935,0.007239999999999995,-0.0699999999999994,-0.010000000000000009,0.050000000000000266,0.11999999999999966,-0.03000000000000025,0.0,0.04000000000000048,0.07000000000000073,0.1263131769720319,0.18298136645962731,2.707320340578719e-06,0.03117109730848859,0.25975914423740565
DIAG-001,2025,treasury_slope_change_20,treasury,966,250,966,250,0.0,0.0,0.0,-0.01777432712215321,0.036999999999999984,-0.15999999999999992,-0.02000000000000024,0.09999999999999984,0.2599999999999998,-0.03000000000000025,0.025000000000000133,0.09000000000000019,0.12000000000000044,0.3113523366079011,0.2788819875776398,4.004505688203118e-14,0.07968546583850931,0.30648256091734377
DIAG-001,2025,treasury_10y_percentile_252,treasury,966,250,966,250,0.0,0.0,0.0,0.7476892931085477,0.44960317460317456,0.6170634920634921,0.7996031746031746,0.9538690476190477,0.3368055555555556,0.17261904761904762,0.4295634920634921,0.6954365079365079,0.5228174603174602,-1.1869454875185477,0.43503933747412005,1.9255662330207027e-34,0.29808611850537314,0.8850391972118294
DIAG-001,2026_ytd,fear_greed,fear_greed,1216,137,1216,137,0.0,0.0,0.0,47.75046130345395,43.83461943065693,32.50238125,48.5,63.44285675,30.940475499999998,32.542857,42.914286,59.457143,26.914286000000004,-0.21121430282745934,0.1310627160968113,0.02623161182457348,3.9407983062872165,0.12736708930951035
DIAG-001,2026_ytd,fg_change_1,fear_greed,1216,137,1215,137,0.0008223684210526315,0.0,-0.0008223684210526315,-0.01657848312757202,0.000834204379562043,-2.1714280000000024,0.1999999999999993,2.4857140000000015,4.657142000000004,-2.0,0.11428500000000241,2.885714,4.885714,0.003722124871394877,0.04208945360607974,0.9741048643893826,0.3804911538674113,0.0817005695483219
DIAG-001,2026_ytd,fg_change_3,fear_greed,1216,137,1213,137,0.0024671052631578946,0.0,-0.0024671052631578946,-0.07910336438582029,-0.13660062773722634,-4.571428999999995,0.6142849999999953,5.514286000000006,10.085715,-4.485713999999998,-0.25714299999999923,5.600000000000001,10.085714,-0.006917985115793222,0.07727718571918574,0.43056055606022775,0.6976525298860882,0.06917234225695335
DIAG-001,2026_ytd,fg_change_5,fear_greed,1216,137,1211,137,0.004111842105263158,0.0,-0.004111842105263158,-0.15882191081750624,-0.3599582919708026,-6.3214285,0.3999999999999915,7.092857000000002,13.414285500000002,-8.057143,-0.22857100000000052,5.771428999999998,13.828571999999998,-0.018158154199276827,0.05629057242913199,0.807089109622299,1.2445694968144803,0.09277941019031391
DIAG-001,2026_ytd,fg_change_10,fear_greed,1216,137,1206,137,0.008223684210526315,0.0,-0.008223684210526315,-0.43802811442786066,-0.5470281605839417,-10.664286,-0.49999950000000126,9.680952250000002,20.34523825,-9.771428,-3.7142860000000013,6.514285000000001,16.285713,-0.00703296573798958,0.11542651704978746,0.0691023367841407,2.664623163464914,0.13097035929106968
DIAG-001,2026_ytd,fg_min_5,fear_greed,1216,137,1215,137,0.0008223684210526315,0.0,-0.0008223684210526315,42.848294342386836,38.865693459854015,26.514286,43.033333,58.171429,31.657143000000005,27.285714,36.357143,54.771429,27.485715,-0.21003686618128237,0.1523174431528041,0.005814745997847898,4.160491084040732,0.1314234542277151
DIAG-001,2026_ytd,fg_max_5,fear_greed,1216,137,1215,137,0.0008223684210526315,0.0,-0.0008223684210526315,52.63525847407407,48.949843649635035,39.3285715,54.542857,66.13809499999999,26.80952349999999,39.514286,49.914286,63.771429,24.257143,-0.21350395469098063,0.16954732510288073,0.0014464637784862868,3.7968534443062696,0.14162330950441065
DIAG-001,2026_ytd,fg_distance_from_min_5,fear_greed,1216,137,1215,137,0.0008223684210526315,0.0,-0.0008223684210526315,4.9057475876543215,4.96892597080292,0.0,3.1999999999999993,7.978571499999999,7.978571499999999,0.0,2.400000000000002,8.628572000000005,8.628572000000005,0.011515082053352962,0.056627917455167986,0.8011952410337059,0.44692929656063207,0.056016204976120365
DIAG-001,2026_ytd,fg_distance_from_max_5,fear_greed,1216,137,1215,137,0.0008223684210526315,0.0,-0.0008223684210526315,-4.881216544032922,-5.115224218978103,-7.371428000000002,-2.371428999999999,0.0,7.371428000000002,-8.857143,-3.028571999999997,0.0,8.857143,-0.036853505520783716,0.07153284671532845,0.5285576925845425,0.5626721950016524,0.07633150523910052
DIAG-001,2026_ytd,fg_min_20,fear_greed,1216,137,1207,137,0.007401315789473684,0.0,-0.007401315789473684,33.67530676304888,29.637434934306565,18.814286,33.628571,49.6,30.785714000000002,18.314286,27.285714,38.057143,19.742857000000004,-0.2263879411248948,0.18193143403141054,0.0004880474760521578,4.826668529097298,0.15678273789905597
DIAG-001,2026_ytd,fg_max_20,fear_greed,1216,137,1207,137,0.007401315789473684,0.0,-0.007401315789473684,61.00519825269264,58.26715340875912,48.580951999999996,63.8,72.428571,23.84761900000001,47.257143,63.4,67.285714,20.028571,-0.19550514439530808,0.2684341342170672,2.587287670343754e-08,3.253018512339818,0.13640852415244545
DIAG-001,2026_ytd,fg_distance_from_min_20,fear_greed,1216,137,1207,137,0.007401315789473684,0.0,-0.007401315789473684,13.941009953603977,14.197184496350365,4.547619000000001,10.799999999999997,19.5928575,15.0452385,1.0857139999999958,9.485714000000002,18.714285999999998,17.628572000000002,0.019815794081308,0.1560241656033237,0.004382042680731835,3.3429256840933976,0.2221916046125422
DIAG-001,2026_ytd,fg_distance_from_max_20,fear_greed,1216,137,1207,137,0.007401315789473684,0.0,-0.007401315789473684,-13.388881536039769,-14.432533978102189,-20.971429,-10.600000000000001,-2.8071429999999964,18.164286000000004,-25.285714,-11.342858000000007,-3.799999999999997,21.485714,-0.08612470299323112,0.10801347371476605,0.10451930865184014,1.903438069563798,0.10479013981412744
DIAG-001,2026_ytd,fg_percentile_60,fear_greed,1216,137,1202,137,0.011513157894736841,0.0,-0.011513157894736841,0.4644437691316004,0.4809002433090024,0.175,0.425,0.7583333333333333,0.5833333333333333,0.19166666666666668,0.39166666666666666,0.85,0.6583333333333333,0.050524761515004735,0.07199072106100546,0.5210650240180151,0.021465151522174986,0.036797402609442836
DIAG-001,2026_ytd,fg_percentile_252,fear_greed,1216,137,1154,137,0.05098684210526316,0.0,-0.05098684210526316,0.4818914494632695,0.4602015988877302,0.18653588195841717,0.4722222222222222,0.7653769841269842,0.578841102168567,0.24801587301587302,0.4107142857142857,0.6726190476190477,0.42460317460317465,-0.06965717203295996,0.10547888018823759,0.12115109933308248,0.06371914982132458,0.11008055506529775
DIAG-001,2026_ytd,fg_acceleration_1_vs_5,fear_greed,1216,137,1211,137,0.004111842105263158,0.0,-0.004111842105263158,-0.005182650867052021,0.07282586277372255,-1.8366668000000017,-0.04571400000000381,2.041429000000001,3.8780958000000023,-1.7657148000000022,0.4057146000000074,2.5057146,4.271429400000002,0.01900019942445161,0.07105185435213701,0.5374431278428716,0.4218273256740221,0.10877176517249054
DIAG-001,2026_ytd,fg_reversal_1_vs_5,fear_greed,1216,137,1211,137,0.004111842105263158,0.0,-0.004111842105263158,0.3236994219653179,0.3722627737226277,0.0,0.0,1.0,1.0,0.0,0.0,1.0,1.0,0.10336226226454114,0.04856335175730975,0.9184116652068403,0.04856335175730986,0.04856335175730986
DIAG-001,2026_ytd,spx_return_1,market,1216,137,1216,137,0.0,0.0,0.0,0.0005587059391372275,0.0007130364242112726,-0.004727725424901741,0.0008223169233967376,0.006273240403648739,0.01100096582855048,-0.004062189358506441,0.0007592481870795087,0.006196712601090892,0.010258901959597333,0.014610505045097847,0.059822800614675375,0.7448017315126156,0.0012119411093500648,0.1101667915561332
DIAG-001,2026_ytd,spx_return_3,market,1216,137,1216,137,0.0,0.0,0.0,0.001647751879000118,0.0018942318579061696,-0.00786027275900203,0.0032732297049458126,0.012070128254483947,0.019930401013485977,-0.006845032885434699,0.00281223064863112,0.010024503452282785,0.016869536337717483,0.013775469521411215,0.07050158470995005,0.5468996650353858,0.0025007285051898594,0.12547306516801807
DIAG-001,2026_ytd,spx_return_5,market,1216,137,1216,137,0.0,0.0,0.0,0.0026731246705346398,0.003212334169660518,-0.00863422171402603,0.0044082221314714065,0.01561198846031514,0.02424621017434117,-0.009642458016959288,0.00346930600801576,0.01489460823276012,0.024537066249719408,0.024202703668228975,0.07925350557049557,0.3988685248575493,0.003169462599683849,0.13071991774772163
DIAG-001,2026_ytd,spx_return_10,market,1216,137,1216,137,0.0,0.0,0.0,0.005152050656211757,0.007023270790168629,-0.011675848798450877,0.008715475117701321,0.024388143697810838,0.036063992496261715,-0.008324242546091987,0.004912966412835784,0.018788863870689676,0.027113106416781663,0.061963591837487494,0.11962759316173643,0.053764637087959886,0.006348679466418538,0.17603928536411
DIAG-001,2026_ytd,spx_return_20,market,1216,137,1216,137,0.0,0.0,0.0,0.010393662953838811,0.013557833327609117,-0.013848404254404034,0.018071250611237155,0.03743659478327083,0.05128499903767486,-0.012932954038853639,0.00506795282309036,0.04056358014756811,0.05349653418642175,0.07578833488147274,0.1831480503265463,0.0004335625732646867,0.012300475330782393,0.2398454823358044
DIAG-001,2026_ytd,spx_return_60,market,1216,137,1216,137,0.0,0.0,0.0,0.03222576387983917,0.042161470713314025,-0.0029903402723608086,0.04475813267376094,0.07765193447546687,0.08064227474782767,0.009724585239147876,0.031136828539659378,0.0847258046136985,0.07500121937455062,0.15253134820846115,0.10658975220898961,0.11247286498454354,0.01627885700894457,0.2018650522923535
DIAG-001,2026_ytd,spx_distance_ma_20,market,1216,137,1216,137,0.0,0.0,0.0,0.004604407369552796,0.006321279718891436,-0.008197061866346722,0.009535150370117984,0.019791565513536113,0.027988627379882836,-0.00825773972273347,0.005236775049654252,0.018700723205770986,0.026958462928504456,0.07294988227033398,0.14562524010756822,0.009571300745649037,0.005526041311355118,0.19743881099817803
DIAG-001,2026_ytd,spx_distance_ma_50,market,1216,137,1216,137,0.0,0.0,0.0,0.012133668258049082,0.016838819420193253,-0.005943741616697584,0.020825857969646644,0.03774307092188933,0.04368681253858692,-0.0028799942282272673,0.01311468063490584,0.04094978629486712,0.043829780523094386,0.131281052453797,0.15950345754898193,0.0033122230290033453,0.010116172885081633,0.23156124920183632
DIAG-001,2026_ytd,spx_distance_ma_200,market,1216,137,1216,137,0.0,0.0,0.0,0.0516213937504103,0.06322786024273824,0.008434545808164884,0.0737896515505071,0.10586074395978662,0.09742619815162173,0.05100970192280019,0.07334597598961201,0.08761520071204587,0.03660549878924568,0.16765082828653624,0.22521489627353064,5.703244135790571e-06,0.030094211254035122,0.3088923905990904
DIAG-001,2026_ytd,spx_distance_high_20,market,1216,137,1216,137,0.0,0.0,0.0,-0.02047799554155397,-0.014642678902953994,-0.02945383310828878,-0.008566790325767737,-0.0005939128809949179,0.02885992022729386,-0.023432980853334895,-0.008737496129303302,-0.0014097819841465409,0.022023198869188354,0.22356980322167164,0.11820495582020744,0.058499215178901325,0.0062809569153160945,0.2176359763245627
DIAG-001,2026_ytd,spx_drawdown_20,market,1216,137,1216,137,0.0,0.0,0.0,-0.02047799554155397,-0.014642678902953994,-0.02945383310828878,-0.008566790325767737,-0.0005939128809949179,0.02885992022729386,-0.023432980853334895,-0.008737496129303302,-0.0014097819841465409,0.022023198869188354,0.22356980322167164,0.11820495582020744,0.058499215178901325,0.0062809569153160945,0.2176359763245627
DIAG-001,2026_ytd,spx_rebound_from_low_20,market,1216,137,1216,137,0.0,0.0,0.0,0.03661605453196952,0.03566582659832887,0.018617044315529574,0.03457903350449798,0.050624069791220916,0.03200702547569134,0.012241147358147852,0.02673885274424115,0.04799540915583722,0.03575426179768937,-0.03575186640277897,0.16772113907030345,0.0016893540173675862,0.0077414616848892025,0.24186757656592234
DIAG-001,2026_ytd,spx_distance_high_60,market,1216,137,1216,137,0.0,0.0,0.0,-0.032355459327436616,-0.017428743297560594,-0.04627388499853352,-0.01329177536343834,-0.002040655718352158,0.04423322928018136,-0.024925778716210267,-0.01236332007867802,-0.003439923368125708,0.02148585534808456,0.3681083896224073,0.18614939492892812,0.00032743867259035374,0.015189215321238339,0.3433892475954462
DIAG-001,2026_ytd,spx_drawdown_60,market,1216,137,1216,137,0.0,0.0,0.0,-0.032355459327436616,-0.017428743297560594,-0.04627388499853352,-0.01329177536343834,-0.002040655718352158,0.04423322928018136,-0.024925778716210267,-0.01236332007867802,-0.003439923368125708,0.02148585534808456,0.3681083896224073,0.18614939492892812,0.00032743867259035374,0.015189215321238339,0.3433892475954462
DIAG-001,2026_ytd,spx_rebound_from_low_60,market,1216,137,1216,137,0.0,0.0,0.0,0.07949894426532264,0.08938896121663574,0.04968578514076705,0.07820862482635582,0.10444614467180846,0.054760359531041414,0.04305515907750346,0.06726662971884445,0.14431594852422092,0.10126078944671746,0.21080085753361255,0.23081540530157507,3.007016927191568e-06,0.01939937164624502,0.3542593915083466
DIAG-001,2026_ytd,spx_distance_high_252,market,1216,137,1216,137,0.0,0.0,0.0,-0.05226503779553188,-0.017428743297560594,-0.08318806257044215,-0.01998093786354499,-0.0030618619128523483,0.0801262006575898,-0.024925778716210267,-0.01236332007867802,-0.003439923368125708,0.02148585534808456,0.5572652299514188,0.2708533422973492,1.8208226162513785e-08,0.03486952176026807,0.4351825180040547
DIAG-001,2026_ytd,spx_drawdown_252,market,1216,137,1216,137,0.0,0.0,0.0,-0.05226503779553188,-0.017428743297560594,-0.08318806257044215,-0.01998093786354499,-0.0030618619128523483,0.0801262006575898,-0.024925778716210267,-0.01236332007867802,-0.003439923368125708,0.02148585534808456,0.5572652299514188,0.2708533422973492,1.8208226162513785e-08,0.03486952176026807,0.4351825180040547
DIAG-001,2026_ytd,spx_rebound_from_low_252,market,1216,137,1216,137,0.0,0.0,0.0,0.25333972421470885,0.3155281282050753,0.14468177561648876,0.25298019928778304,0.3344543532776301,0.18977257766114136,0.2754075062593222,0.32109046064301383,0.3782210593321107,0.1028135530727885,0.4464335370184153,0.3511513157894737,4.7098492691690643e-14,0.09051412857491907,0.47696105354347584
DIAG-001,2026_ytd,spx_realized_vol_5,market,1216,137,1216,137,0.0,0.0,0.0,0.1468225699381558,0.12826975709483238,0.08658626864691471,0.1283889686160375,0.18414039697444182,0.0975541283275271,0.09166211509845912,0.12031884373342691,0.1600198275183785,0.06835771241991939,-0.20826966758983562,0.13959253745678057,0.014712699439444383,0.02143584087848934,0.2197327908719649
DIAG-001,2026_ytd,spx_realized_vol_20,market,1216,137,1216,137,0.0,0.0,0.0,0.1556606894769728,0.1330888532212761,0.10544104929549655,0.13930879143141758,0.18337222702943562,0.07793117773393907,0.10759702186858439,0.12800908276983705,0.15079664606985344,0.04319962420126905,-0.3205527266526517,0.18646753745678057,0.0003180531380939799,0.028106320629340122,0.36065566371005586
DIAG-001,2026_ytd,spx_realized_vol_60,market,1216,137,1216,137,0.0,0.0,0.0,0.15954422661932058,0.13357821451647117,0.11307107633071091,0.1354612857719662,0.19311921272231408,0.08004813639160317,0.11737494329928742,0.13106597077741491,0.14968618760164584,0.03231124430235842,-0.4364163916195381,0.34457236842105265,1.5493090207144351e-13,0.031465208901194246,0.39307859395081257
DIAG-001,2026_ytd,interaction_fg_x_drawdown_20,interaction,1216,137,1216,137,0.0,0.0,0.0,-0.6555972159882906,-0.40362469126257433,-1.0726625550944937,-0.42105595841189963,-0.028602393213587138,1.0440601618809067,-0.6110325778559056,-0.41920757843638606,-0.08771632969067891,0.5233162481652267,0.3541975395946697,0.2374543795620438,1.362121768147243e-06,0.2778640310818916,0.26613794992552053
DIAG-001,2026_ytd,interaction_fg_x_vol_20,interaction,1216,137,1216,137,0.0,0.0,0.0,6.89091986715527,5.637952421451124,4.46632248613584,6.398341323418967,8.482684496033308,4.016362009897468,4.405907392761512,5.467773118389974,6.691760560736923,2.285853167975411,-0.38602545599741067,0.2588239531310027,9.222347813305791e-08,1.2743933865949448,0.3173004284609988
DIAG-001,2026_ytd,interaction_fg_change_5_x_spx_return_5,interaction,1216,137,1211,137,0.004111842105263158,0.0,-0.004111842105263158,0.17874361010361173,0.16147537915626825,0.0019765264873550124,0.057042445125591604,0.23197943494725937,0.23000290845990434,0.0048349030282610825,0.05674983056063735,0.1778626215706244,0.17302771854236332,-0.055262999582362735,0.05858101225385304,0.767440296735886,0.029006785414787017,0.1261148635424481
DIAG-001,2026_ytd,treasury_2y_level,treasury,1216,137,1216,137,0.0,0.0,0.0,3.2458963815789477,3.817664233576642,2.4775,3.93,4.4125,1.9349999999999996,3.56,3.81,4.07,0.5100000000000002,0.36415914721923215,0.34241140030733763,2.2775360918658223e-13,1.0082208629466,0.5210443736158141
DIAG-001,2026_ytd,treasury_10y_level,treasury,1216,137,1216,137,0.0,0.0,0.0,3.394342105263158,4.3362043795620435,2.6950000000000003,3.86,4.27,1.5749999999999993,4.22,4.33,4.47,0.25,0.8796338682123813,0.5568454667691125,3.509909879846154e-36,0.9505933058009988,0.6035513052704757
DIAG-001,2026_ytd,treasury_10y_2y_slope,treasury,1216,137,1216,137,0.0,0.0,0.0,0.14844572368421052,0.5185401459854014,-0.4099999999999998,0.125,0.5499999999999998,0.9599999999999996,0.41999999999999993,0.5100000000000002,0.6000000000000001,0.18000000000000016,0.5793229681523323,0.5764802631578947,5.681205200033721e-39,0.5695158831156357,0.5932457115787875
DIAG-001,2026_ytd,treasury_2y_change_1,treasury,1216,137,1216,137,0.0,0.0,0.0,0.0025986842105263147,0.005401459854014597,-0.029999999999999805,0.0,0.040000000000000036,0.06999999999999984,-0.020000000000000462,0.0,0.03999999999999959,0.06000000000000005,0.04182091615451029,0.05807001536688436,0.7761155083736331,0.010796196696119866,0.1542313813731413
DIAG-001,2026_ytd,treasury_2y_change_5,treasury,1216,137,1216,137,0.0,0.0,0.0,0.01370888157894737,0.02686131386861313,-0.049999999999999996,0.010000000000000009,0.08999999999999997,0.13999999999999996,-0.03000000000000025,0.03000000000000025,0.08000000000000007,0.11000000000000032,0.09469175993122257,0.11666826738378794,0.06404271371095364,0.04086732856319626,0.2919094897371162
DIAG-001,2026_ytd,treasury_2y_change_20,treasury,1216,137,1216,137,0.0,0.0,0.0,0.0579029605263158,0.09496350364963502,-0.09999999999999976,0.02499999999999991,0.20999999999999996,0.3099999999999997,0.0,0.08999999999999986,0.17000000000000037,0.17000000000000037,0.13253928619913097,0.19075345754898188,0.00021223691393033262,0.10989021081444486,0.35448455101433857
DIAG-001,2026_ytd,treasury_10y_change_1,treasury,1216,137,1216,137,0.0,0.0,0.0,0.002228618421052632,0.002992700729927008,-0.040000000000000036,0.0,0.040000000000000036,0.08000000000000007,-0.020000000000000462,0.0,0.03000000000000025,0.05000000000000071,0.012429560226462497,0.10340832693046487,0.13296342907539466,0.01585592345370727,0.1981990431713407
DIAG-001,2026_ytd,treasury_10y_change_5,treasury,1216,137,1216,137,0.0,0.0,0.0,0.01216282894736842,0.016496350364963507,-0.06999999999999984,0.010000000000000231,0.0999999999999997,0.16999999999999954,-0.040000000000000036,0.019999999999999574,0.07000000000000028,0.11000000000000032,0.03343787314640423,0.11964560122935075,0.05369193416398021,0.03849338503649635,0.22643167668527328
DIAG-001,2026_ytd,treasury_10y_change_20,treasury,1216,137,1216,137,0.0,0.0,0.0,0.0509703947368421,0.05182481751824819,-0.12999999999999995,0.030000000000000138,0.2400000000000002,0.37000000000000016,-0.03000000000000025,0.05999999999999961,0.13000000000000078,0.16000000000000103,0.0032903386077756617,0.17381386861313863,0.0009990641517130644,0.10767972051479059,0.29102627166159606
DIAG-001,2026_ytd,treasury_slope_change_5,treasury,1216,137,1216,137,0.0,0.0,0.0,-0.0015460526315789474,-0.010364963503649622,-0.05999999999999994,-0.009999999999999787,0.050000000000000266,0.11000000000000021,-0.03999999999999959,-0.009999999999999787,0.020000000000000462,0.06000000000000005,-0.09841114102028112,0.18543507491356126,0.000350143858687511,0.03380282366500184,0.3072983969545616
DIAG-001,2026_ytd,treasury_slope_change_20,treasury,1216,137,1216,137,0.0,0.0,0.0,-0.006932565789473684,-0.043138686131386834,-0.1200000000000001,-0.009999999999999787,0.09999999999999964,0.21999999999999975,-0.08999999999999986,-0.040000000000000036,0.009999999999999787,0.09999999999999964,-0.21257220157966275,0.25409983672685355,1.7078458869952003e-07,0.08346781358048404,0.3793991526385642
DIAG-001,2026_ytd,treasury_10y_percentile_252,treasury,1216,137,1216,137,0.0,0.0,0.0,0.6947299890350878,0.6594542926659714,0.5476190476190477,0.751984126984127,0.9265873015873016,0.37896825396825395,0.4523809523809524,0.7202380952380952,0.9305555555555556,0.4781746031746032,-0.12802732071587036,0.11465136381098731,0.07211894719302281,0.0424656317458793,0.11205590785300087
