experiment_id,model_name,full_candidate,classification_cells,classification_mean_brier,classification_mean_log_loss,classification_mean_ece,classification_mean_relative_brier_improvement,classification_positive_relative_brier_cells,classification_positive_relative_brier_folds,return_cells,return_mean_mae,return_mean_rmse,return_mean_spearman,return_positive_spearman_cells,return_positive_spearman_folds,drawdown_cells,drawdown_mean_mae,drawdown_mean_rmse,drawdown_mean_spearman,drawdown_positive_spearman_folds,classification_lane_score,classification_rank,return_lane_score,return_rank,drawdown_lane_score,drawdown_rank,overall_full_candidate_score,overall_full_candidate_rank,promotion_ready,promotion_gate_reason,status,context_source
BASE-EXP-001,logistic_l2_v1 [baseline],False,9,0.28077767377146706,0.8625678386121719,0.23273436645421391,-0.6212428503544066,0,0,0,,,,0,0,0,,,,0,0.4,3.0,,,,,,,False,incomplete_output_interface,NOT_PROMOTION_READY,combined_ablation
BASE-EXP-002,ridge_return_v1 [baseline],False,0,,,,,0,0,9,0.04128591848736391,0.0528109497151636,-0.15401692323548746,1,1,0,,,,0,,,1.0,6.0,,,,,False,incomplete_output_interface,NOT_PROMOTION_READY,combined_ablation
BASE-EXP-003,hist_gradient_boosting_v1 [baseline],True,9,0.32070481693766023,0.9722580116900159,0.3025537598852711,-0.8278651960210797,0,0,9,0.03830370290410448,0.04782571461755257,-0.0706536938677661,4,2,3,0.02844447809577773,0.0359714505556468,-0.14659063147588713,1,1.0,6.0,0.6,4.0,1.0,4.0,0.8666666666666667,4.0,False,classification_worse_than_base_rate;classification_not_robust_across_folds;return_rank_correlation_nonpositive;drawdown_rank_correlation_nonpositive;drawdown_signal_not_robust_across_folds,NOT_PROMOTION_READY,combined_ablation
BASE-EXP-004,random_forest_v1 [baseline],True,9,0.23196905012521585,0.6622280885549738,0.18395890449722846,-0.2932141213559629,1,0,9,0.03252965183932593,0.041227301915333886,-0.10007883117207171,4,2,3,0.021771468289908235,0.0283483155866907,0.0006447247615613318,1,0.2,2.0,0.4,3.0,0.0,1.0,0.20000000000000004,2.0,False,classification_worse_than_base_rate;classification_not_robust_across_folds;return_rank_correlation_nonpositive;drawdown_signal_not_robust_across_folds,NOT_PROMOTION_READY,combined_ablation
COMBO-EXP-001,logistic_l2_v1 [+retained combined],False,9,0.2682861843683023,1.5008120408207064,0.2604014655333355,-0.4985460190207558,0,0,0,,,,0,0,0,,,,0,0.8,5.0,,,,,,,False,incomplete_output_interface,NOT_PROMOTION_READY,combined_ablation
COMBO-EXP-002,ridge_return_v1 [+retained combined],False,0,,,,,0,0,9,0.07217429616244142,0.08339777738436674,0.05804033572654627,4,3,0,,,,0,,,0.8,5.0,,,,,False,incomplete_output_interface,NOT_PROMOTION_READY,combined_ablation
COMBO-EXP-003,hist_gradient_boosting_v1 [+retained combined],True,9,0.26755983789597954,0.9109231337740036,0.25227995247525736,-0.45435631122877734,0,0,9,0.032308035557691225,0.041063900267188244,0.09431679705400094,5,2,3,0.025027907716829098,0.03319645014805394,-0.1169257786879316,1,0.4,3.0,0.0,1.0,0.6666666666666666,3.0,0.35555555555555557,3.0,False,classification_worse_than_base_rate;classification_not_robust_across_folds;drawdown_rank_correlation_nonpositive;drawdown_signal_not_robust_across_folds,NOT_PROMOTION_READY,combined_ablation
COMBO-EXP-004,random_forest_v1 [+retained combined],True,9,0.2244755120622323,0.6603086601314394,0.1882344072136095,-0.2517770902934112,0,0,9,0.030423848576289506,0.03862298679609357,0.031028941496399825,4,2,3,0.02144257880785327,0.028583707166422334,-0.0144494953690442,2,0.0,1.0,0.0,1.0,0.3333333333333333,2.0,0.1111111111111111,1.0,False,classification_worse_than_base_rate;classification_not_robust_across_folds;drawdown_rank_correlation_nonpositive,NOT_PROMOTION_READY,combined_ablation
RS-EXP-001,logistic_l2_v1 [+QQQ/SPY],False,9,0.2846531069856389,0.863665091459836,0.241146371771092,-0.659406678111435,0,0,0,,,,0,0,0,,,,0,0.6,4.0,,,,,,,False,incomplete_output_interface,NOT_PROMOTION_READY,relative_strength
RS-EXP-002,ridge_return_v1 [+QQQ/SPY],False,0,,,,,0,0,9,0.0420741116126691,0.0534679778932038,-0.1199439223412473,3,1,0,,,,0,,,1.0,6.0,,,,,False,incomplete_output_interface,NOT_PROMOTION_READY,relative_strength
RS-EXP-003,hist_gradient_boosting_v1 [+QQQ/SPY],True,9,0.3244171617045033,1.0001702520181868,0.3084792925070171,-0.872131332510688,0,0,9,0.0388799034203306,0.048403252601078,-0.0464768828207978,5,2,3,0.0289657448189717,0.0369565500767988,-0.1763669629866367,1,1.0,6.0,0.6,4.0,1.0,4.0,0.8666666666666667,4.0,False,classification_worse_than_base_rate;classification_not_robust_across_folds;return_rank_correlation_nonpositive;drawdown_rank_correlation_nonpositive;drawdown_signal_not_robust_across_folds,NOT_PROMOTION_READY,relative_strength
RS-EXP-004,random_forest_v1 [+QQQ/SPY],True,9,0.2357742751685081,0.672472640455192,0.181002411581244,-0.3300154762869133,0,0,9,0.0327262846078181,0.0412730890771161,-0.0725952131404718,4,2,3,0.0217927644140149,0.0281050593251766,-0.0630387499808033,1,0.2,2.0,0.2,2.0,0.3333333333333333,2.0,0.2444444444444444,2.0,False,classification_worse_than_base_rate;classification_not_robust_across_folds;return_rank_correlation_nonpositive;drawdown_rank_correlation_nonpositive;drawdown_signal_not_robust_across_folds,NOT_PROMOTION_READY,relative_strength
UST-EXP-001,logistic_l2_v1 [+Treasury],False,9,0.243639159176941,1.1252627728064102,0.2207024517394691,-0.3246473002999291,0,0,0,,,,0,0,0,,,,0,0.4,3.0,,,,,,,False,incomplete_output_interface,NOT_PROMOTION_READY,treasury
UST-EXP-002,ridge_return_v1 [+Treasury],False,0,,,,,0,0,9,0.0591469519003169,0.0686429513401671,-0.1659365716551151,2,0,0,,,,0,,,1.0,6.0,,,,,False,incomplete_output_interface,NOT_PROMOTION_READY,treasury
UST-EXP-003,hist_gradient_boosting_v1 [+Treasury],True,9,0.2692963620054618,0.8963047980674362,0.2525031064692871,-0.4698477752350646,0,0,9,0.0353566986495962,0.0453730365130898,-0.0631695868526121,4,1,3,0.0271983114944668,0.036461353540939,-0.1534603939190434,1,0.8,5.0,0.2,2.0,1.0,4.0,0.6666666666666666,3.0,False,classification_worse_than_base_rate;classification_not_robust_across_folds;return_rank_correlation_nonpositive;return_signal_not_robust_across_folds;drawdown_rank_correlation_nonpositive;drawdown_signal_not_robust_across_folds,NOT_PROMOTION_READY,treasury
UST-EXP-004,random_forest_v1 [+Treasury],True,9,0.2249321444534937,0.6576569415412008,0.1805180154747371,-0.262215137141687,1,0,9,0.0310362121248514,0.0398458916393767,-0.0460845927652026,5,2,3,0.0215623306672615,0.028566972773131,-0.02128113065711,1,0.0,1.0,0.0,1.0,0.3333333333333333,2.0,0.1111111111111111,1.0,False,classification_worse_than_base_rate;classification_not_robust_across_folds;return_rank_correlation_nonpositive;drawdown_rank_correlation_nonpositive;drawdown_signal_not_robust_across_folds,NOT_PROMOTION_READY,treasury
USD-EXP-001,logistic_l2_v1 [+Dollar],False,9,0.2748075050032286,1.1589595113646474,0.2484146540404715,-0.6075068020387868,0,0,0,,,,0,0,0,,,,0,0.6,4.0,,,,,,,False,incomplete_output_interface,NOT_PROMOTION_READY,dollar
USD-EXP-002,ridge_return_v1 [+Dollar],False,0,,,,,0,0,9,0.0449754740194101,0.0546494867715474,0.0167574186523026,6,2,0,,,,0,,,0.8,5.0,,,,,False,incomplete_output_interface,NOT_PROMOTION_READY,dollar
USD-EXP-003,hist_gradient_boosting_v1 [+Dollar],True,9,0.2960024620859203,0.9882601418124026,0.2918290606242756,-0.6896310767786493,0,0,9,0.0373495599670693,0.0464684514127125,0.0493921770062095,5,2,3,0.0240833256495367,0.032143311168674,-0.1385161688952707,1,0.8,5.0,0.2,2.0,0.6666666666666666,3.0,0.5555555555555555,3.0,False,classification_worse_than_base_rate;classification_not_robust_across_folds;drawdown_rank_correlation_nonpositive;drawdown_signal_not_robust_across_folds,NOT_PROMOTION_READY,dollar
USD-EXP-004,random_forest_v1 [+Dollar],True,9,0.2324477585527783,0.6744413165197428,0.2131410835653152,-0.3045250463000295,0,0,9,0.0316486433975393,0.0397258615549478,-0.0215506275743544,4,2,3,0.0210888855716651,0.0281003051634745,0.0024628567483913,2,0.2,2.0,0.0,1.0,0.0,1.0,0.0666666666666666,1.0,False,classification_worse_than_base_rate;classification_not_robust_across_folds;return_rank_correlation_nonpositive,NOT_PROMOTION_READY,dollar
