outer_fold,inner_block,block_start,causal_formation_cutoff,formation_rows,calibration_rows,calibration_target_classes,selected_feature_count,selected_family_count,selected_features,support_pass
2024,1,2022-12-16,2022-12-15,454,80,2,29,3,spx_return_60|spx_rebound_from_low_60|spx_distance_ma_200|spx_distance_ma_50|spx_distance_high_60|spx_drawdown_60|fg_max_5|spx_distance_high_252|spx_drawdown_252|fear_greed|fg_min_5|spx_return_20|fg_max_20|fg_min_20|spx_distance_ma_20|spx_realized_vol_20|spx_rebound_from_low_20|spx_realized_vol_5|spx_distance_high_20|spx_drawdown_20|fg_percentile_60|interaction_fg_x_vol_20|treasury_10y_2y_slope|treasury_10y_level|treasury_10y_percentile_252|spx_realized_vol_60|spx_rebound_from_low_252|treasury_10y_change_5|treasury_10y_change_1,True
2024,2,2023-04-14,2023-04-13,534,80,2,32,3,spx_rebound_from_low_60|spx_distance_ma_50|spx_distance_ma_200|fear_greed|fg_max_5|spx_return_60|fg_min_5|spx_distance_high_60|spx_drawdown_60|spx_distance_high_252|spx_drawdown_252|interaction_fg_x_vol_20|treasury_slope_change_20|spx_return_20|fg_max_20|spx_rebound_from_low_20|fg_min_20|fg_percentile_60|treasury_10y_2y_slope|spx_distance_ma_20|spx_realized_vol_5|spx_distance_high_20|spx_drawdown_20|interaction_fg_change_5_x_spx_return_5|spx_rebound_from_low_252|spx_return_10|treasury_10y_change_20|fg_distance_from_max_20|spx_realized_vol_60|spx_realized_vol_20|spx_return_5|treasury_2y_change_5,True
2024,3,2023-08-09,2023-08-08,614,80,2,30,3,spx_return_20|spx_distance_ma_50|spx_rebound_from_low_60|spx_distance_ma_200|fg_max_5|spx_distance_high_60|spx_drawdown_60|interaction_fg_x_vol_20|spx_distance_ma_20|fg_min_5|fg_max_20|fear_greed|spx_rebound_from_low_20|treasury_10y_level|spx_distance_high_20|spx_drawdown_20|fg_percentile_60|fg_distance_from_min_20|treasury_2y_change_20|treasury_slope_change_20|treasury_10y_2y_slope|fg_min_20|fg_change_10|spx_return_10|spx_realized_vol_5|treasury_10y_change_20|fg_distance_from_max_20|treasury_10y_change_5|treasury_2y_change_5|fg_change_1,True
2025,1,2023-12-19,2023-12-18,706,80,2,20,3,spx_distance_ma_200|spx_return_60|spx_realized_vol_20|fear_greed|fg_min_5|spx_realized_vol_5|fg_max_5|spx_distance_high_252|spx_drawdown_252|spx_rebound_from_low_252|treasury_10y_2y_slope|spx_realized_vol_60|fg_max_20|fg_min_20|interaction_fg_change_5_x_spx_return_5|treasury_2y_level|treasury_10y_change_5|treasury_slope_change_5|fg_change_1|interaction_fg_x_drawdown_20,True
2025,2,2024-04-16,2024-04-15,786,80,2,14,3,spx_distance_ma_200|spx_rebound_from_low_252|treasury_10y_2y_slope|spx_realized_vol_5|spx_realized_vol_60|spx_realized_vol_20|treasury_10y_percentile_252|fg_change_5|fg_min_20|treasury_2y_change_20|treasury_10y_change_5|treasury_slope_change_5|fg_reversal_1_vs_5|treasury_10y_change_1,True
2025,3,2024-08-09,2024-08-08,866,80,2,11,3,spx_distance_ma_200|spx_rebound_from_low_252|spx_realized_vol_60|spx_realized_vol_20|fg_min_20|spx_realized_vol_5|treasury_10y_2y_slope|treasury_10y_level|treasury_10y_percentile_252|treasury_10y_change_1|interaction_fg_change_5_x_spx_return_5,True
2026_ytd,1,2024-12-17,2024-12-16,956,80,2,28,3,spx_distance_ma_200|spx_return_60|spx_rebound_from_low_252|spx_distance_ma_50|spx_realized_vol_20|spx_realized_vol_60|spx_distance_high_252|spx_distance_high_60|spx_drawdown_252|spx_drawdown_60|spx_realized_vol_5|spx_rebound_from_low_60|fg_min_20|treasury_10y_level|spx_return_20|treasury_slope_change_20|spx_distance_ma_20|spx_distance_high_20|spx_drawdown_20|spx_return_10|spx_return_5|treasury_10y_change_1|spx_rebound_from_low_20|fg_distance_from_max_5|fg_change_5|spx_return_3|fg_distance_from_min_5|treasury_2y_change_20,True
2026_ytd,2,2025-04-15,2025-04-14,1036,80,2,34,3,spx_distance_ma_50|spx_rebound_from_low_60|fg_percentile_60|spx_return_60|spx_realized_vol_60|spx_return_20|fg_percentile_252|spx_rebound_from_low_20|spx_distance_high_60|spx_drawdown_60|fear_greed|spx_distance_high_252|spx_drawdown_252|spx_realized_vol_20|spx_realized_vol_5|treasury_slope_change_20|fg_distance_from_max_20|fg_min_5|fg_max_5|spx_distance_ma_20|spx_distance_high_20|spx_drawdown_20|spx_distance_ma_200|interaction_fg_x_drawdown_20|spx_return_10|fg_min_20|treasury_10y_change_1|spx_return_5|fg_change_10|spx_return_3|fg_acceleration_1_vs_5|treasury_10y_level|treasury_slope_change_5|fg_change_5,True
2026_ytd,3,2025-08-11,2025-08-10,1116,80,2,21,3,spx_realized_vol_60|spx_distance_ma_200|treasury_10y_2y_slope|spx_realized_vol_20|treasury_2y_level|spx_return_60|spx_distance_high_252|spx_drawdown_252|spx_realized_vol_5|spx_rebound_from_low_252|spx_distance_high_60|spx_drawdown_60|treasury_slope_change_20|spx_distance_high_20|spx_drawdown_20|fg_distance_from_max_20|spx_return_10|fg_change_10|interaction_fg_x_drawdown_20|treasury_10y_percentile_252|fg_change_5,True
