observation_date,dgs2,dgs10,captured_on_date,dgs2_source_sha256,dgs10_source_sha256,previous_row_sha256,row_sha256
2026-08-18,4.1900000000000004,4.71,2026-08-19,edc4476f1d68a24398a0007106fcd0e1c267972a2cd8e5f8323441128df8f2bf,d94b951a6a98405ce5ec2402dfcb731c712129d5b0329575c4b8899c0af5f056,0000000000000000000000000000000000000000000000000000000000000000,5322b5a9eb00a72cb5d6573522891f31f68ed04391fb4a10411fb7b8d1bad644
2026-08-19,4.1900000000000004,4.6500000000000004,2026-08-20,2f97cb9e42d00c584f767317d573300d02eb94a08882b7d7de75552ae6505032,102c90fdebc59011e03fa8414760671362c2cab5802c6508d41b0e468ba325bf,5322b5a9eb00a72cb5d6573522891f31f68ed04391fb4a10411fb7b8d1bad644,20597de9f6bc3169690cf847c1b2e85431f0d2f2c1cc61ae61bae8ed351e12ed
2026-08-20,4.1900000000000004,4.6900000000000004,2026-08-21,afc5c151081cb81edc624ce7e570be246e5c175ee91e6ac1fd5d4ac5717b72e1,c30750e5a68d93e20a3bb0582de89040ae4ce13155cdd9384dbb39b1524ba421,20597de9f6bc3169690cf847c1b2e85431f0d2f2c1cc61ae61bae8ed351e12ed,2f2e1190e1158b49d201c5059790bdd12c6fc8a0639e73ee1cecbe5d648108cd
2026-08-21,4.2400000000000002,4.7400000000000002,2026-08-24,c0acf462d452bfe508b3b3fd38d2a0166f9e47e63ce8a75104d028fcb62fa449,e3d761940d7e62f69c757c595d8a165cb4498e5bbdb7e289958b944926409d60,2f2e1190e1158b49d201c5059790bdd12c6fc8a0639e73ee1cecbe5d648108cd,0db3731264988a5cf561b65d9482065e05eb15bea6c360e1cbace028afbcec6c
2026-08-24,4.2400000000000002,4.7000000000000002,2026-08-25,10b4bbb0686842e1ba5776b28833dacc6b42c32d0b64e930676a3bd6463d6ccd,ecb0d47b4325291a40be02cc192585f647d62c4be96d8d65e373908ea76e886d,0db3731264988a5cf561b65d9482065e05eb15bea6c360e1cbace028afbcec6c,10c93f5f5a606b87e907dcd197e694b5ed37e84b07d4ad7cd9c3ca68a2d0a6a4
2026-08-25,4.1699999999999999,4.6399999999999997,2026-08-31,d4e0073e89dfa55c852d5230f4dfdffe6b9eb599f2f6b301d696f34d5c81c8a1,c3745c8fe929e44b58106c98ddb05779051d39c8f394c26c8424a3c1b220f803,10c93f5f5a606b87e907dcd197e694b5ed37e84b07d4ad7cd9c3ca68a2d0a6a4,6106e9a155e2af9e536cfc46b6e084c556b0290fc82364f34f5347160aaa2301
2026-08-26,4.1900000000000004,4.6600000000000001,2026-08-31,d4e0073e89dfa55c852d5230f4dfdffe6b9eb599f2f6b301d696f34d5c81c8a1,c3745c8fe929e44b58106c98ddb05779051d39c8f394c26c8424a3c1b220f803,6106e9a155e2af9e536cfc46b6e084c556b0290fc82364f34f5347160aaa2301,a930bdc2d0a4e45ea00bd73af0eb1449944cde6078fcc7494a4ed0eebdc2db6a
2026-08-27,4.2000000000000002,4.6699999999999999,2026-08-31,d4e0073e89dfa55c852d5230f4dfdffe6b9eb599f2f6b301d696f34d5c81c8a1,c3745c8fe929e44b58106c98ddb05779051d39c8f394c26c8424a3c1b220f803,a930bdc2d0a4e45ea00bd73af0eb1449944cde6078fcc7494a4ed0eebdc2db6a,6b33b2471a3015bd0ce68b5b834b1bb14d93772ed61180c9a0241e675d6b0a2b
2026-08-28,4.3399999999999999,4.7300000000000004,2026-08-31,d4e0073e89dfa55c852d5230f4dfdffe6b9eb599f2f6b301d696f34d5c81c8a1,c3745c8fe929e44b58106c98ddb05779051d39c8f394c26c8424a3c1b220f803,6b33b2471a3015bd0ce68b5b834b1bb14d93772ed61180c9a0241e675d6b0a2b,52d5a38c6bd92a3f981efe1e77729dc33a91ab6a2ca48d6016d3aeca17fcc65f
2026-08-31,4.3399999999999999,4.75,2026-09-01,0188939d36bf386626cc81cf70b45cc011a0631887c33f73f99ccf9c1fc8fab4,0a70a48126e500cb7dbdc3c3e8c293880676e97f956737b444330b65637af5e4,52d5a38c6bd92a3f981efe1e77729dc33a91ab6a2ca48d6016d3aeca17fcc65f,6bc272141237a7bcd7452162fabe05e0373e364f95f0bce0896645652d625f55
2026-09-01,4.3899999999999997,4.79,2026-09-02,03dabf5cec50e85683b904f412a1cda372f2229963002e54644f6003b55da48c,2463469cd7e930a004f0fef6f662187ff354c1ea4bf9958b3187e6cdc9cb5e8f,6bc272141237a7bcd7452162fabe05e0373e364f95f0bce0896645652d625f55,ae044f724fc7883e0d6c68e02158d9dc77d6ac78479cc1f89764149bec9e09c0
2026-09-02,4.3899999999999997,4.79,2026-09-03,6a5976476194b2b7d562fabae1775e010325eca4e532f54c50c694fe45127c46,a25f9ae1937ab502c98077670a0a7be28167bb33ed2011b1c362a1cda8a0551c,ae044f724fc7883e0d6c68e02158d9dc77d6ac78479cc1f89764149bec9e09c0,fc132a2f0bbe9732fcbe470ebba87f59a69fbd525b9ab93bbab393359391bdeb
2026-09-03,4.3399999999999999,4.7699999999999996,2026-09-04,bc3fd0e4acdbee0085156c4d7727bba22f06d60b0fc2ba89796539f1979bb10a,935e2cbc2f6e2923836958e749de9f78218b308e94c8ce608bb6c1198501f587,fc132a2f0bbe9732fcbe470ebba87f59a69fbd525b9ab93bbab393359391bdeb,cddbe43a5edb639fcd761baf78bbeb0e54053b2b7e8b91290d7c2e80642d0325
2026-09-04,4.3700000000000001,4.7800000000000002,2026-09-08,36ac5ca3ae72c7882f547ba50fd2f2c5767f4a1c2917cdff9ea6f46dcda4e7d7,df12570567bebda1f1a871b2742dc6a0524f007271ebafc367269cda5eb059dc,cddbe43a5edb639fcd761baf78bbeb0e54053b2b7e8b91290d7c2e80642d0325,a4f50ff3883a7b82cec01be65971ee4405ddda6e22e2bd983a78fdbfd89ec061
2026-09-08,4.3899999999999997,4.7999999999999998,2026-09-09,0e5b2d69e2da820b1a09fa61d1e59649978aeb2b1b2d8e5152a6ddf15420b622,5a9e86d69eb02e2a90205f57586d0123360b1024cec4b99e0f9b561921ceecc2,a4f50ff3883a7b82cec01be65971ee4405ddda6e22e2bd983a78fdbfd89ec061,e6ce4c9de9a146c765a3a2529644a3f1480943589f1633f020d47ddae0a8cd1c
2026-09-09,4.4299999999999997,4.8300000000000001,2026-10-09,dd34b90f87fab6669ada8404c7dfffb72d811e021401ac4506d7c7a003c5eed7,9724bfce67eea9d683bec92963f0d8373b932cd65cc0ee58a1d8eb81aef7c912,e6ce4c9de9a146c765a3a2529644a3f1480943589f1633f020d47ddae0a8cd1c,bbb757422040ad9627d671fe4c693cdd4b66dc555030a0e990559885c15cfd98
2026-09-10,4.5599999999999996,4.9500000000000002,2026-10-09,dd34b90f87fab6669ada8404c7dfffb72d811e021401ac4506d7c7a003c5eed7,9724bfce67eea9d683bec92963f0d8373b932cd65cc0ee58a1d8eb81aef7c912,bbb757422040ad9627d671fe4c693cdd4b66dc555030a0e990559885c15cfd98,dabd97d34b2430da7147d412c7fd79e82bafaf9f3018c2651d7d195b88434916
2026-09-11,4.6299999999999999,4.96,2026-10-09,dd34b90f87fab6669ada8404c7dfffb72d811e021401ac4506d7c7a003c5eed7,9724bfce67eea9d683bec92963f0d8373b932cd65cc0ee58a1d8eb81aef7c912,dabd97d34b2430da7147d412c7fd79e82bafaf9f3018c2651d7d195b88434916,296732650d3459ab268df0f5ee46788a042646fec7771e3bd286cd93e578e9e5
2026-09-14,4.6500000000000004,4.9699999999999998,2026-10-09,dd34b90f87fab6669ada8404c7dfffb72d811e021401ac4506d7c7a003c5eed7,9724bfce67eea9d683bec92963f0d8373b932cd65cc0ee58a1d8eb81aef7c912,296732650d3459ab268df0f5ee46788a042646fec7771e3bd286cd93e578e9e5,86c88ffde042b5ad096a7f423288810c1b440fd956275d0bee323b094d73e161
2026-09-15,4.6699999999999999,5,2026-10-09,dd34b90f87fab6669ada8404c7dfffb72d811e021401ac4506d7c7a003c5eed7,9724bfce67eea9d683bec92963f0d8373b932cd65cc0ee58a1d8eb81aef7c912,86c88ffde042b5ad096a7f423288810c1b440fd956275d0bee323b094d73e161,e2787f29b49a3b3e796c5e16834e1873eda46183e279403d81b6ff716cc2964f
2026-09-16,4.7400000000000002,5.0099999999999998,2026-10-09,dd34b90f87fab6669ada8404c7dfffb72d811e021401ac4506d7c7a003c5eed7,9724bfce67eea9d683bec92963f0d8373b932cd65cc0ee58a1d8eb81aef7c912,e2787f29b49a3b3e796c5e16834e1873eda46183e279403d81b6ff716cc2964f,9fc8c1cf3b2d6d186431e32d51fc7ced4be1f38ca2a74f418e60531d07c93056
2026-09-17,4.6699999999999999,4.9400000000000004,2026-10-09,dd34b90f87fab6669ada8404c7dfffb72d811e021401ac4506d7c7a003c5eed7,9724bfce67eea9d683bec92963f0d8373b932cd65cc0ee58a1d8eb81aef7c912,9fc8c1cf3b2d6d186431e32d51fc7ced4be1f38ca2a74f418e60531d07c93056,6e9b9f1220bab62192338e635ef71dd2c4cdbf30939cbd99ea1e40b0ebff46c7
2026-09-18,4.7599999999999998,5.0099999999999998,2026-10-09,dd34b90f87fab6669ada8404c7dfffb72d811e021401ac4506d7c7a003c5eed7,9724bfce67eea9d683bec92963f0d8373b932cd65cc0ee58a1d8eb81aef7c912,6e9b9f1220bab62192338e635ef71dd2c4cdbf30939cbd99ea1e40b0ebff46c7,630485667a943f8e1a7b3915853c1c6aca12f5eeac08709ebae63cb670116786
2026-09-21,4.7599999999999998,4.96,2026-10-09,dd34b90f87fab6669ada8404c7dfffb72d811e021401ac4506d7c7a003c5eed7,9724bfce67eea9d683bec92963f0d8373b932cd65cc0ee58a1d8eb81aef7c912,630485667a943f8e1a7b3915853c1c6aca12f5eeac08709ebae63cb670116786,7260cc657198e6037199451074004da034cfbdffd9dc1ced2479d206a4eabb0a
2026-09-22,4.71,4.96,2026-10-09,dd34b90f87fab6669ada8404c7dfffb72d811e021401ac4506d7c7a003c5eed7,9724bfce67eea9d683bec92963f0d8373b932cd65cc0ee58a1d8eb81aef7c912,7260cc657198e6037199451074004da034cfbdffd9dc1ced2479d206a4eabb0a,0cca8b2fce10ba8f8ba3ee2f830b75777a1c7870d9d2d2071c977d9704ae98af
2026-09-23,4.8499999999999996,5.1100000000000003,2026-10-09,dd34b90f87fab6669ada8404c7dfffb72d811e021401ac4506d7c7a003c5eed7,9724bfce67eea9d683bec92963f0d8373b932cd65cc0ee58a1d8eb81aef7c912,0cca8b2fce10ba8f8ba3ee2f830b75777a1c7870d9d2d2071c977d9704ae98af,4d90e1bc7931f9fccb3295ad1be1d56c71bcb1b2a3d170e67d9dd068ce46261c
2026-09-24,4.8700000000000001,5.1799999999999997,2026-10-09,dd34b90f87fab6669ada8404c7dfffb72d811e021401ac4506d7c7a003c5eed7,9724bfce67eea9d683bec92963f0d8373b932cd65cc0ee58a1d8eb81aef7c912,4d90e1bc7931f9fccb3295ad1be1d56c71bcb1b2a3d170e67d9dd068ce46261c,875eb34ad8531676739baada1f349be4dc4efa1f921fc8f2c68726ec57706677
2026-09-25,4.8099999999999996,5.1699999999999999,2026-10-09,dd34b90f87fab6669ada8404c7dfffb72d811e021401ac4506d7c7a003c5eed7,9724bfce67eea9d683bec92963f0d8373b932cd65cc0ee58a1d8eb81aef7c912,875eb34ad8531676739baada1f349be4dc4efa1f921fc8f2c68726ec57706677,aab8a3bdcd2898546416610e95350efda560b1ed654c588a590d7e69728c69b5
2026-09-28,4.9199999999999999,5.2400000000000002,2026-10-09,dd34b90f87fab6669ada8404c7dfffb72d811e021401ac4506d7c7a003c5eed7,9724bfce67eea9d683bec92963f0d8373b932cd65cc0ee58a1d8eb81aef7c912,aab8a3bdcd2898546416610e95350efda560b1ed654c588a590d7e69728c69b5,f64c81752ae2826ed7648f96118fd56202c34c4d41dea4b1d2ea1b116e2a323a
2026-09-29,4.8899999999999997,5.2599999999999998,2026-10-09,dd34b90f87fab6669ada8404c7dfffb72d811e021401ac4506d7c7a003c5eed7,9724bfce67eea9d683bec92963f0d8373b932cd65cc0ee58a1d8eb81aef7c912,f64c81752ae2826ed7648f96118fd56202c34c4d41dea4b1d2ea1b116e2a323a,7e28d274e9cf4c52fb7432bfaac5e6ac94cb17beb52edd4c3dae7c4a8982407e
2026-09-30,4.8799999999999999,5.29,2026-10-09,dd34b90f87fab6669ada8404c7dfffb72d811e021401ac4506d7c7a003c5eed7,9724bfce67eea9d683bec92963f0d8373b932cd65cc0ee58a1d8eb81aef7c912,7e28d274e9cf4c52fb7432bfaac5e6ac94cb17beb52edd4c3dae7c4a8982407e,734dc42f6e854b65014a0b17b499737a6c34ce8db1d0c31e517a95477a468310
2026-10-01,4.7800000000000002,5.2400000000000002,2026-10-09,dd34b90f87fab6669ada8404c7dfffb72d811e021401ac4506d7c7a003c5eed7,9724bfce67eea9d683bec92963f0d8373b932cd65cc0ee58a1d8eb81aef7c912,734dc42f6e854b65014a0b17b499737a6c34ce8db1d0c31e517a95477a468310,c49ccb11a57039b9635cacd407fac57e91828975004f38a0a395aaa9a07c9c68
2026-10-02,4.8300000000000001,5.2800000000000002,2026-10-09,dd34b90f87fab6669ada8404c7dfffb72d811e021401ac4506d7c7a003c5eed7,9724bfce67eea9d683bec92963f0d8373b932cd65cc0ee58a1d8eb81aef7c912,c49ccb11a57039b9635cacd407fac57e91828975004f38a0a395aaa9a07c9c68,5e2ff8b4ef7d1bdf4f5119e10772c875b4049d10bce256a56540536e2ac17681
2026-10-05,4.8399999999999999,5.3099999999999996,2026-10-09,dd34b90f87fab6669ada8404c7dfffb72d811e021401ac4506d7c7a003c5eed7,9724bfce67eea9d683bec92963f0d8373b932cd65cc0ee58a1d8eb81aef7c912,5e2ff8b4ef7d1bdf4f5119e10772c875b4049d10bce256a56540536e2ac17681,6cf1a3baf6c1f93f71e591f867bd59360b10b97c725fad395420aa89bb29b427
2026-10-06,4.79,5.2699999999999996,2026-10-09,dd34b90f87fab6669ada8404c7dfffb72d811e021401ac4506d7c7a003c5eed7,9724bfce67eea9d683bec92963f0d8373b932cd65cc0ee58a1d8eb81aef7c912,6cf1a3baf6c1f93f71e591f867bd59360b10b97c725fad395420aa89bb29b427,ebcc0b7f8856625e24029b47c28a488e2877f4019682c105f018832af65a723a
2026-10-07,4.7699999999999996,5.2800000000000002,2026-10-09,dd34b90f87fab6669ada8404c7dfffb72d811e021401ac4506d7c7a003c5eed7,9724bfce67eea9d683bec92963f0d8373b932cd65cc0ee58a1d8eb81aef7c912,ebcc0b7f8856625e24029b47c28a488e2877f4019682c105f018832af65a723a,d51aafea2341909d2c595db93464cc84f145aded8d9f9968df70bc3d973ba7ad
2026-10-08,4.75,5.2199999999999998,2026-10-09,dd34b90f87fab6669ada8404c7dfffb72d811e021401ac4506d7c7a003c5eed7,9724bfce67eea9d683bec92963f0d8373b932cd65cc0ee58a1d8eb81aef7c912,d51aafea2341909d2c595db93464cc84f145aded8d9f9968df70bc3d973ba7ad,9fc2dc5d0e68e6baa62cea34ddb2b235a758252cc6bf25bcd1427dfc0edb171a
