Date,Value,Rating,Source Timestamp UTC
2021-02-01,43.4,fear,2021-02-01T00:00:00Z
2021-02-02,60.466667,greed,2021-02-02T00:00:00Z
2021-02-03,59.2,greed,2021-02-03T00:00:00Z
2021-02-04,61.066667,greed,2021-02-04T00:00:00Z
2021-02-05,68,greed,2021-02-05T00:00:00Z
2021-02-08,72.866667,greed,2021-02-08T00:00:00Z
2021-02-09,75.4,extreme greed,2021-02-09T00:00:00Z
2021-02-10,75.266667,extreme greed,2021-02-10T00:00:00Z
2021-02-11,76,extreme greed,2021-02-11T00:00:00Z
2021-02-12,77.666667,extreme greed,2021-02-12T00:00:00Z
2021-02-16,73.933333,greed,2021-02-16T00:00:00Z
2021-02-17,70.2,greed,2021-02-17T00:00:00Z
2021-02-18,62.533333,greed,2021-02-18T00:00:00Z
2021-02-19,56.24,greed,2021-02-19T00:00:00Z
2021-02-22,52.48,neutral,2021-02-22T00:00:00Z
2021-02-23,50.56,neutral,2021-02-23T00:00:00Z
2021-02-24,63.8,greed,2021-02-24T00:00:00Z
2021-02-25,46.16,neutral,2021-02-25T00:00:00Z
2021-02-26,53.52,neutral,2021-02-26T00:00:00Z
2021-03-01,58.52,greed,2021-03-01T00:00:00Z
2021-03-02,50.32,neutral,2021-03-02T00:00:00Z
2021-03-03,43.84,fear,2021-03-03T00:00:00Z
2021-03-04,37.8,fear,2021-03-04T00:00:00Z
2021-03-05,41.52,fear,2021-03-05T00:00:00Z
2021-03-08,39.08,fear,2021-03-08T00:00:00Z
2021-03-09,43.36,fear,2021-03-09T00:00:00Z
2021-03-10,45.56,neutral,2021-03-10T00:00:00Z
2021-03-11,50.48,neutral,2021-03-11T00:00:00Z
2021-03-12,53.72,neutral,2021-03-12T00:00:00Z
2021-03-15,56.52,greed,2021-03-15T00:00:00Z
2021-03-16,54.8,neutral,2021-03-16T00:00:00Z
2021-03-17,57.866667,greed,2021-03-17T00:00:00Z
2021-03-18,52.333333,neutral,2021-03-18T00:00:00Z
2021-03-19,50.833333,neutral,2021-03-19T00:00:00Z
2021-03-22,50.7,neutral,2021-03-22T00:00:00Z
2021-03-23,41.8,fear,2021-03-23T00:00:00Z
2021-03-24,37.666667,fear,2021-03-24T00:00:00Z
2021-03-25,37.833333,fear,2021-03-25T00:00:00Z
2021-03-26,37.566667,fear,2021-03-26T00:00:00Z
2021-03-29,39.566667,fear,2021-03-29T00:00:00Z
2021-03-30,42.033333,fear,2021-03-30T00:00:00Z
2021-03-31,44.566667,fear,2021-03-31T00:00:00Z
2021-04-01,46.4,neutral,2021-04-01T00:00:00Z
2021-04-05,54.566667,neutral,2021-04-05T00:00:00Z
2021-04-06,53.5,neutral,2021-04-06T00:00:00Z
2021-04-07,52.533333,neutral,2021-04-07T00:00:00Z
2021-04-08,48.1,neutral,2021-04-08T00:00:00Z
2021-04-09,47.5,neutral,2021-04-09T00:00:00Z
2021-04-12,43.433333,fear,2021-04-12T00:00:00Z
2021-04-13,43.633333,fear,2021-04-13T00:00:00Z
2021-04-14,39.966667,fear,2021-04-14T00:00:00Z
2021-04-15,47.166667,neutral,2021-04-15T00:00:00Z
2021-04-16,51.3,neutral,2021-04-16T00:00:00Z
2021-04-19,45.266667,neutral,2021-04-19T00:00:00Z
2021-04-20,42.866667,fear,2021-04-20T00:00:00Z
2021-04-21,49.633333,neutral,2021-04-21T00:00:00Z
2021-04-22,46.7,neutral,2021-04-22T00:00:00Z
2021-04-23,47.7,neutral,2021-04-23T00:00:00Z
2021-04-26,50.533333,neutral,2021-04-26T00:00:00Z
2021-04-27,54.8,neutral,2021-04-27T00:00:00Z
2021-04-28,52.4,neutral,2021-04-28T00:00:00Z
2021-04-29,56.166667,greed,2021-04-29T00:00:00Z
2021-04-30,46.533333,neutral,2021-04-30T00:00:00Z
2021-05-03,47.566667,neutral,2021-05-03T00:00:00Z
2021-05-04,43.466667,fear,2021-05-04T00:00:00Z
2021-05-05,43.033333,fear,2021-05-05T00:00:00Z
2021-05-06,43.933333,fear,2021-05-06T00:00:00Z
2021-05-07,48.166667,neutral,2021-05-07T00:00:00Z
2021-05-10,44.933333,fear,2021-05-10T00:00:00Z
2021-05-11,42.033333,fear,2021-05-11T00:00:00Z
2021-05-12,26.766667,fear,2021-05-12T00:00:00Z
2021-05-13,34.433333,fear,2021-05-13T00:00:00Z
2021-05-14,36,fear,2021-05-14T00:00:00Z
2021-05-17,36.366667,fear,2021-05-17T00:00:00Z
2021-05-18,34.033333,fear,2021-05-18T00:00:00Z
2021-05-19,32.333333,fear,2021-05-19T00:00:00Z
2021-05-20,32.3,fear,2021-05-20T00:00:00Z
2021-05-21,29.433333,fear,2021-05-21T00:00:00Z
2021-05-24,29.5,fear,2021-05-24T00:00:00Z
2021-05-25,26.666667,fear,2021-05-25T00:00:00Z
2021-05-26,28.133333,fear,2021-05-26T00:00:00Z
2021-05-27,30.3,fear,2021-05-27T00:00:00Z
2021-05-28,31.566667,fear,2021-05-28T00:00:00Z
2021-06-01,35.4,fear,2021-06-01T00:00:00Z
2021-06-02,42.133333,fear,2021-06-02T00:00:00Z
2021-06-03,40.8,fear,2021-06-03T00:00:00Z
2021-06-04,41.9,fear,2021-06-04T00:00:00Z
2021-06-07,44.466667,fear,2021-06-07T00:00:00Z
2021-06-08,46.466667,neutral,2021-06-08T00:00:00Z
2021-06-09,48.533333,neutral,2021-06-09T00:00:00Z
2021-06-10,48.9,neutral,2021-06-10T00:00:00Z
2021-06-11,51.233333,neutral,2021-06-11T00:00:00Z
2021-06-14,54.166667,neutral,2021-06-14T00:00:00Z
2021-06-15,52.666667,neutral,2021-06-15T00:00:00Z
2021-06-16,44.8,fear,2021-06-16T00:00:00Z
2021-06-17,42.033333,fear,2021-06-17T00:00:00Z
2021-06-18,31.6,fear,2021-06-18T00:00:00Z
2021-06-21,32.466667,fear,2021-06-21T00:00:00Z
2021-06-22,32.8,fear,2021-06-22T00:00:00Z
2021-06-23,33.266667,fear,2021-06-23T00:00:00Z
2021-06-24,36.9,fear,2021-06-24T00:00:00Z
2021-06-25,41.633333,fear,2021-06-25T00:00:00Z
2021-06-28,41.433333,fear,2021-06-28T00:00:00Z
2021-06-29,39.833333,fear,2021-06-29T00:00:00Z
2021-06-30,38,fear,2021-06-30T00:00:00Z
2021-07-01,38.666667,fear,2021-07-01T00:00:00Z
2021-07-02,38.666667,fear,2021-07-02T00:00:00Z
2021-07-06,33.3,fear,2021-07-06T00:00:00Z
2021-07-07,33.1,fear,2021-07-07T00:00:00Z
2021-07-08,26.966667,fear,2021-07-08T00:00:00Z
2021-07-09,31,fear,2021-07-09T00:00:00Z
2021-07-12,31.7,fear,2021-07-12T00:00:00Z
2021-07-13,31.266667,fear,2021-07-13T00:00:00Z
2021-07-14,29.533333,fear,2021-07-14T00:00:00Z
2021-07-15,27.333333,fear,2021-07-15T00:00:00Z
2021-07-16,26.9,fear,2021-07-16T00:00:00Z
2021-07-19,8.983333,extreme fear,2021-07-19T00:00:00Z
2021-07-20,20.066667,extreme fear,2021-07-20T00:00:00Z
2021-07-21,24.2,extreme fear,2021-07-21T00:00:00Z
2021-07-22,24.333333,extreme fear,2021-07-22T00:00:00Z
2021-07-23,28.3,fear,2021-07-23T00:00:00Z
2021-07-26,30.9,fear,2021-07-26T00:00:00Z
2021-07-27,27.166667,fear,2021-07-27T00:00:00Z
2021-07-28,27.466667,fear,2021-07-28T00:00:00Z
2021-07-29,29.233333,fear,2021-07-29T00:00:00Z
2021-07-30,25.766667,fear,2021-07-30T00:00:00Z
2021-08-02,25.1,fear,2021-08-02T00:00:00Z
2021-08-03,29.533333,fear,2021-08-03T00:00:00Z
2021-08-04,28.633333,fear,2021-08-04T00:00:00Z
2021-08-05,29.633333,fear,2021-08-05T00:00:00Z
2021-08-06,31.866667,fear,2021-08-06T00:00:00Z
2021-08-09,32.066667,fear,2021-08-09T00:00:00Z
2021-08-10,34.833333,fear,2021-08-10T00:00:00Z
2021-08-11,37.933333,fear,2021-08-11T00:00:00Z
2021-08-12,43.133333,fear,2021-08-12T00:00:00Z
2021-08-13,47.133333,neutral,2021-08-13T00:00:00Z
2021-08-16,44.866667,fear,2021-08-16T00:00:00Z
2021-08-17,31.7,fear,2021-08-17T00:00:00Z
2021-08-18,18.2,extreme fear,2021-08-18T00:00:00Z
2021-08-19,14.883333,extreme fear,2021-08-19T00:00:00Z
2021-08-20,23.866667,extreme fear,2021-08-20T00:00:00Z
2021-08-23,30.433333,fear,2021-08-23T00:00:00Z
2021-08-24,34.4,fear,2021-08-24T00:00:00Z
2021-08-25,36.033333,fear,2021-08-25T00:00:00Z
2021-08-26,36.833333,fear,2021-08-26T00:00:00Z
2021-08-27,47.466667,neutral,2021-08-27T00:00:00Z
2021-08-30,47.866667,neutral,2021-08-30T00:00:00Z
2021-08-31,47.233333,neutral,2021-08-31T00:00:00Z
2021-09-01,43.133333,fear,2021-09-01T00:00:00Z
2021-09-02,44.166667,fear,2021-09-02T00:00:00Z
2021-09-03,44.066667,fear,2021-09-03T00:00:00Z
2021-09-07,41.7,fear,2021-09-07T00:00:00Z
2021-09-08,38.566667,fear,2021-09-08T00:00:00Z
2021-09-09,33.8,fear,2021-09-09T00:00:00Z
2021-09-10,20.6,extreme fear,2021-09-10T00:00:00Z
2021-09-13,28.266667,fear,2021-09-13T00:00:00Z
2021-09-14,24.8,extreme fear,2021-09-14T00:00:00Z
2021-09-15,31.2,fear,2021-09-15T00:00:00Z
2021-09-16,31.5,fear,2021-09-16T00:00:00Z
2021-09-17,17.933333,extreme fear,2021-09-17T00:00:00Z
2021-09-20,11.1,extreme fear,2021-09-20T00:00:00Z
2021-09-21,11.45,extreme fear,2021-09-21T00:00:00Z
2021-09-22,20.033333,extreme fear,2021-09-22T00:00:00Z
2021-09-23,24.5,extreme fear,2021-09-23T00:00:00Z
2021-09-24,23.833333,extreme fear,2021-09-24T00:00:00Z
2021-09-27,24.766667,extreme fear,2021-09-27T00:00:00Z
2021-09-28,12.466667,extreme fear,2021-09-28T00:00:00Z
2021-09-29,12.483333,extreme fear,2021-09-29T00:00:00Z
2021-09-30,9.966667,extreme fear,2021-09-30T00:00:00Z
2021-10-01,18.333333,extreme fear,2021-10-01T00:00:00Z
2021-10-04,9.5,extreme fear,2021-10-04T00:00:00Z
2021-10-05,18.766667,extreme fear,2021-10-05T00:00:00Z
2021-10-06,20.066667,extreme fear,2021-10-06T00:00:00Z
2021-10-07,24.6,extreme fear,2021-10-07T00:00:00Z
2021-10-08,25.266667,fear,2021-10-08T00:00:00Z
2021-10-11,25.9,fear,2021-10-11T00:00:00Z
2021-10-12,22.7,extreme fear,2021-10-12T00:00:00Z
2021-10-13,24.1,extreme fear,2021-10-13T00:00:00Z
2021-10-14,31.833333,fear,2021-10-14T00:00:00Z
2021-10-15,43.633333,fear,2021-10-15T00:00:00Z
2021-10-18,46.566667,neutral,2021-10-18T00:00:00Z
2021-10-19,53.4,neutral,2021-10-19T00:00:00Z
2021-10-20,56.566667,greed,2021-10-20T00:00:00Z
2021-10-21,60.2,greed,2021-10-21T00:00:00Z
2021-10-22,59.5,greed,2021-10-22T00:00:00Z
2021-10-25,62.966667,greed,2021-10-25T00:00:00Z
2021-10-26,63.033333,greed,2021-10-26T00:00:00Z
2021-10-27,58.333333,greed,2021-10-27T00:00:00Z
2021-10-28,64.4,greed,2021-10-28T00:00:00Z
2021-10-29,65.433333,greed,2021-10-29T00:00:00Z
2021-11-01,66.133333,greed,2021-11-01T00:00:00Z
2021-11-02,68.266667,greed,2021-11-02T00:00:00Z
2021-11-03,72.2,greed,2021-11-03T00:00:00Z
2021-11-04,72.433333,greed,2021-11-04T00:00:00Z
2021-11-05,73.6,greed,2021-11-05T00:00:00Z
2021-11-08,74.533333,greed,2021-11-08T00:00:00Z
2021-11-09,77.171429,extreme greed,2021-11-09T00:00:00Z
2021-11-10,73.085714,greed,2021-11-10T00:00:00Z
2021-11-11,72.228571,greed,2021-11-11T00:00:00Z
2021-11-12,74,greed,2021-11-12T00:00:00Z
2021-11-15,71.628571,greed,2021-11-15T00:00:00Z
2021-11-16,72.485714,greed,2021-11-16T00:00:00Z
2021-11-17,69.2,greed,2021-11-17T00:00:00Z
2021-11-18,70.142857,greed,2021-11-18T00:00:00Z
2021-11-19,62.771429,greed,2021-11-19T00:00:00Z
2021-11-22,60,greed,2021-11-22T00:00:00Z
2021-11-23,60.371429,greed,2021-11-23T00:00:00Z
2021-11-24,56.942857,greed,2021-11-24T00:00:00Z
2021-11-26,31.257143,fear,2021-11-26T00:00:00Z
2021-11-29,38.114286,fear,2021-11-29T00:00:00Z
2021-11-30,24.771429,extreme fear,2021-11-30T00:00:00Z
2021-12-01,25.357143,fear,2021-12-01T00:00:00Z
2021-12-02,22.928571,extreme fear,2021-12-02T00:00:00Z
2021-12-03,20.157143,extreme fear,2021-12-03T00:00:00Z
2021-12-06,21.257143,extreme fear,2021-12-06T00:00:00Z
2021-12-07,37.885714,fear,2021-12-07T00:00:00Z
2021-12-08,41.314286,fear,2021-12-08T00:00:00Z
2021-12-09,36.857143,fear,2021-12-09T00:00:00Z
2021-12-10,42,fear,2021-12-10T00:00:00Z
2021-12-13,35.4,fear,2021-12-13T00:00:00Z
2021-12-14,31.542857,fear,2021-12-14T00:00:00Z
2021-12-15,37.8,fear,2021-12-15T00:00:00Z
2021-12-16,33.571429,fear,2021-12-16T00:00:00Z
2021-12-17,32.514286,fear,2021-12-17T00:00:00Z
2021-12-20,29.428571,fear,2021-12-20T00:00:00Z
2021-12-21,34.028571,fear,2021-12-21T00:00:00Z
2021-12-22,39.542857,fear,2021-12-22T00:00:00Z
2021-12-23,50.485714,neutral,2021-12-23T00:00:00Z
2021-12-27,56.4,greed,2021-12-27T00:00:00Z
2021-12-28,62.971429,greed,2021-12-28T00:00:00Z
2021-12-29,64.028571,greed,2021-12-29T00:00:00Z
2021-12-30,63.971429,greed,2021-12-30T00:00:00Z
2021-12-31,62.542857,greed,2021-12-31T00:00:00Z
2022-01-03,65.228571,greed,2022-01-03T00:00:00Z
2022-01-04,64.257143,greed,2022-01-04T00:00:00Z
2022-01-05,51.028571,neutral,2022-01-05T00:00:00Z
2022-01-06,52.142857,neutral,2022-01-06T00:00:00Z
2022-01-07,49.257143,neutral,2022-01-07T00:00:00Z
2022-01-10,51.142857,neutral,2022-01-10T00:00:00Z
2022-01-11,56.114286,greed,2022-01-11T00:00:00Z
2022-01-12,55.942857,greed,2022-01-12T00:00:00Z
2022-01-13,52.171429,neutral,2022-01-13T00:00:00Z
2022-01-14,55.8,greed,2022-01-14T00:00:00Z
2022-01-18,53.714286,neutral,2022-01-18T00:00:00Z
2022-01-19,44.828571,fear,2022-01-19T00:00:00Z
2022-01-20,39.142857,fear,2022-01-20T00:00:00Z
2022-01-21,26.728571,fear,2022-01-21T00:00:00Z
2022-01-24,23.128571,extreme fear,2022-01-24T00:00:00Z
2022-01-25,20.885714,extreme fear,2022-01-25T00:00:00Z
2022-01-26,19.514286,extreme fear,2022-01-26T00:00:00Z
2022-01-27,18.6,extreme fear,2022-01-27T00:00:00Z
2022-01-28,23.857143,extreme fear,2022-01-28T00:00:00Z
2022-01-31,29.2,fear,2022-01-31T00:00:00Z
2022-02-01,30.8,fear,2022-02-01T00:00:00Z
2022-02-02,28.8,fear,2022-02-02T00:00:00Z
2022-02-03,26.057143,fear,2022-02-03T00:00:00Z
2022-02-04,27.6,fear,2022-02-04T00:00:00Z
2022-02-07,27.914286,fear,2022-02-07T00:00:00Z
2022-02-08,28.942857,fear,2022-02-08T00:00:00Z
2022-02-09,32.657143,fear,2022-02-09T00:00:00Z
2022-02-10,33.6,fear,2022-02-10T00:00:00Z
2022-02-11,28.485714,fear,2022-02-11T00:00:00Z
2022-02-14,25.685714,fear,2022-02-14T00:00:00Z
2022-02-15,29.971429,fear,2022-02-15T00:00:00Z
2022-02-16,32.085714,fear,2022-02-16T00:00:00Z
2022-02-17,32.457143,fear,2022-02-17T00:00:00Z
2022-02-18,29.514286,fear,2022-02-18T00:00:00Z
2022-02-22,28.771429,fear,2022-02-22T00:00:00Z
2022-02-23,18.814286,extreme fear,2022-02-23T00:00:00Z
2022-02-24,21.228571,extreme fear,2022-02-24T00:00:00Z
2022-02-25,28.142857,fear,2022-02-25T00:00:00Z
2022-02-28,25.471429,fear,2022-02-28T00:00:00Z
2022-03-01,22.971429,extreme fear,2022-03-01T00:00:00Z
2022-03-02,17.828571,extreme fear,2022-03-02T00:00:00Z
2022-03-03,21.728571,extreme fear,2022-03-03T00:00:00Z
2022-03-04,18.171429,extreme fear,2022-03-04T00:00:00Z
2022-03-07,16.9,extreme fear,2022-03-07T00:00:00Z
2022-03-08,16.671429,extreme fear,2022-03-08T00:00:00Z
2022-03-09,18.028571,extreme fear,2022-03-09T00:00:00Z
2022-03-10,17.957143,extreme fear,2022-03-10T00:00:00Z
2022-03-11,19.057143,extreme fear,2022-03-11T00:00:00Z
2022-03-14,17.5,extreme fear,2022-03-14T00:00:00Z
2022-03-15,21.857143,extreme fear,2022-03-15T00:00:00Z
2022-03-16,25.257143,fear,2022-03-16T00:00:00Z
2022-03-17,33.628571,fear,2022-03-17T00:00:00Z
2022-03-18,38.428571,fear,2022-03-18T00:00:00Z
2022-03-21,40.971429,fear,2022-03-21T00:00:00Z
2022-03-22,44.542857,fear,2022-03-22T00:00:00Z
2022-03-23,45.2,neutral,2022-03-23T00:00:00Z
2022-03-24,46.914286,neutral,2022-03-24T00:00:00Z
2022-03-25,49.371429,neutral,2022-03-25T00:00:00Z
2022-03-28,51.257143,neutral,2022-03-28T00:00:00Z
2022-03-29,52.714286,neutral,2022-03-29T00:00:00Z
2022-03-30,52.8,neutral,2022-03-30T00:00:00Z
2022-03-31,59.2,greed,2022-03-31T00:00:00Z
2022-04-01,59.8,greed,2022-04-01T00:00:00Z
2022-04-04,61.657143,greed,2022-04-04T00:00:00Z
2022-04-05,47.914286,neutral,2022-04-05T00:00:00Z
2022-04-06,46.4,neutral,2022-04-06T00:00:00Z
2022-04-07,46.828571,neutral,2022-04-07T00:00:00Z
2022-04-08,46.085714,neutral,2022-04-08T00:00:00Z
2022-04-11,43.4,fear,2022-04-11T00:00:00Z
2022-04-12,42.057143,fear,2022-04-12T00:00:00Z
2022-04-13,41.8,fear,2022-04-13T00:00:00Z
2022-04-14,39.857143,fear,2022-04-14T00:00:00Z
2022-04-18,37.6,fear,2022-04-18T00:00:00Z
2022-04-19,39.628571,fear,2022-04-19T00:00:00Z
2022-04-20,43.314286,fear,2022-04-20T00:00:00Z
2022-04-21,38.942857,fear,2022-04-21T00:00:00Z
2022-04-22,31.628571,fear,2022-04-22T00:00:00Z
2022-04-25,29.971429,fear,2022-04-25T00:00:00Z
2022-04-26,17.9,extreme fear,2022-04-26T00:00:00Z
2022-04-27,16.271429,extreme fear,2022-04-27T00:00:00Z
2022-04-28,24.257143,extreme fear,2022-04-28T00:00:00Z
2022-04-29,14.328571,extreme fear,2022-04-29T00:00:00Z
2022-05-02,13.271429,extreme fear,2022-05-02T00:00:00Z
2022-05-03,30.485714,fear,2022-05-03T00:00:00Z
2022-05-04,22.4,extreme fear,2022-05-04T00:00:00Z
2022-05-05,13.128571,extreme fear,2022-05-05T00:00:00Z
2022-05-06,12.242857,extreme fear,2022-05-06T00:00:00Z
2022-05-09,8.185714,extreme fear,2022-05-09T00:00:00Z
2022-05-10,7.4,extreme fear,2022-05-10T00:00:00Z
2022-05-11,4.028571,extreme fear,2022-05-11T00:00:00Z
2022-05-12,3.2,extreme fear,2022-05-12T00:00:00Z
2022-05-13,11.285714,extreme fear,2022-05-13T00:00:00Z
2022-05-16,11.742857,extreme fear,2022-05-16T00:00:00Z
2022-05-17,15.2,extreme fear,2022-05-17T00:00:00Z
2022-05-18,6.6,extreme fear,2022-05-18T00:00:00Z
2022-05-19,13.714286,extreme fear,2022-05-19T00:00:00Z
2022-05-20,12.657143,extreme fear,2022-05-20T00:00:00Z
2022-05-23,17.885714,extreme fear,2022-05-23T00:00:00Z
2022-05-24,16,extreme fear,2022-05-24T00:00:00Z
2022-05-25,17.571429,extreme fear,2022-05-25T00:00:00Z
2022-05-26,24.114286,extreme fear,2022-05-26T00:00:00Z
2022-05-27,29.542857,fear,2022-05-27T00:00:00Z
2022-05-31,40.057143,fear,2022-05-31T00:00:00Z
2022-06-01,40.6,fear,2022-06-01T00:00:00Z
2022-06-02,44.828571,fear,2022-06-02T00:00:00Z
2022-06-03,35.457143,fear,2022-06-03T00:00:00Z
2022-06-06,42.8,fear,2022-06-06T00:00:00Z
2022-06-07,45.628571,neutral,2022-06-07T00:00:00Z
2022-06-08,48.114286,neutral,2022-06-08T00:00:00Z
2022-06-09,47.057143,neutral,2022-06-09T00:00:00Z
2022-06-10,40,fear,2022-06-10T00:00:00Z
2022-06-13,25.085714,fear,2022-06-13T00:00:00Z
2022-06-14,20.528571,extreme fear,2022-06-14T00:00:00Z
2022-06-15,29.257143,fear,2022-06-15T00:00:00Z
2022-06-16,17.7,extreme fear,2022-06-16T00:00:00Z
2022-06-17,16.928571,extreme fear,2022-06-17T00:00:00Z
2022-06-21,19.728571,extreme fear,2022-06-21T00:00:00Z
2022-06-22,26.885714,fear,2022-06-22T00:00:00Z
2022-06-23,26.742857,fear,2022-06-23T00:00:00Z
2022-06-24,30.857143,fear,2022-06-24T00:00:00Z
2022-06-27,30.771429,fear,2022-06-27T00:00:00Z
2022-06-28,28.142857,fear,2022-06-28T00:00:00Z
2022-06-29,26.542857,fear,2022-06-29T00:00:00Z
2022-06-30,24.371429,extreme fear,2022-06-30T00:00:00Z
2022-07-01,24.571429,extreme fear,2022-07-01T00:00:00Z
2022-07-05,22.171429,extreme fear,2022-07-05T00:00:00Z
2022-07-06,22.828571,extreme fear,2022-07-06T00:00:00Z
2022-07-07,27.6,fear,2022-07-07T00:00:00Z
2022-07-08,31.342857,fear,2022-07-08T00:00:00Z
2022-07-11,30.371429,fear,2022-07-11T00:00:00Z
2022-07-12,30.314286,fear,2022-07-12T00:00:00Z
2022-07-13,27.285714,fear,2022-07-13T00:00:00Z
2022-07-14,26.514286,fear,2022-07-14T00:00:00Z
2022-07-15,33.285714,fear,2022-07-15T00:00:00Z
2022-07-18,35.885714,fear,2022-07-18T00:00:00Z
2022-07-19,39.314286,fear,2022-07-19T00:00:00Z
2022-07-20,44.085714,fear,2022-07-20T00:00:00Z
2022-07-21,48.2,neutral,2022-07-21T00:00:00Z
2022-07-22,42.428571,fear,2022-07-22T00:00:00Z
2022-07-25,42.2,fear,2022-07-25T00:00:00Z
2022-07-26,42,fear,2022-07-26T00:00:00Z
2022-07-27,46.628571,neutral,2022-07-27T00:00:00Z
2022-07-28,48.485714,neutral,2022-07-28T00:00:00Z
2022-07-29,52.4,neutral,2022-07-29T00:00:00Z
2022-08-01,59.085714,greed,2022-08-01T00:00:00Z
2022-08-02,57.371429,greed,2022-08-02T00:00:00Z
2022-08-03,60.257143,greed,2022-08-03T00:00:00Z
2022-08-04,61.514286,greed,2022-08-04T00:00:00Z
2022-08-05,63.314286,greed,2022-08-05T00:00:00Z
2022-08-08,64.742857,greed,2022-08-08T00:00:00Z
2022-08-09,64.457143,greed,2022-08-09T00:00:00Z
2022-08-10,65.114286,greed,2022-08-10T00:00:00Z
2022-08-11,65.828571,greed,2022-08-11T00:00:00Z
2022-08-12,68.028571,greed,2022-08-12T00:00:00Z
2022-08-15,66.828571,greed,2022-08-15T00:00:00Z
2022-08-16,67.942857,greed,2022-08-16T00:00:00Z
2022-08-17,67.142857,greed,2022-08-17T00:00:00Z
2022-08-18,66.371429,greed,2022-08-18T00:00:00Z
2022-08-19,63.714286,greed,2022-08-19T00:00:00Z
2022-08-22,60.314286,greed,2022-08-22T00:00:00Z
2022-08-23,57.428571,greed,2022-08-23T00:00:00Z
2022-08-24,57.514286,greed,2022-08-24T00:00:00Z
2022-08-25,58.257143,greed,2022-08-25T00:00:00Z
2022-08-26,55.742857,greed,2022-08-26T00:00:00Z
2022-08-29,54.285714,neutral,2022-08-29T00:00:00Z
2022-08-30,49.8,neutral,2022-08-30T00:00:00Z
2022-08-31,52.085714,neutral,2022-08-31T00:00:00Z
2022-09-01,49.371429,neutral,2022-09-01T00:00:00Z
2022-09-02,42.457143,fear,2022-09-02T00:00:00Z
2022-09-06,40.628571,fear,2022-09-06T00:00:00Z
2022-09-07,39.628571,fear,2022-09-07T00:00:00Z
2022-09-08,40.371429,fear,2022-09-08T00:00:00Z
2022-09-09,43.8,fear,2022-09-09T00:00:00Z
2022-09-12,47.6,neutral,2022-09-12T00:00:00Z
2022-09-13,36.628571,fear,2022-09-13T00:00:00Z
2022-09-14,41.885714,fear,2022-09-14T00:00:00Z
2022-09-15,40.657143,fear,2022-09-15T00:00:00Z
2022-09-16,35.285714,fear,2022-09-16T00:00:00Z
2022-09-19,36.314286,fear,2022-09-19T00:00:00Z
2022-09-20,36.114286,fear,2022-09-20T00:00:00Z
2022-09-21,27.214286,fear,2022-09-21T00:00:00Z
2022-09-22,24.485714,extreme fear,2022-09-22T00:00:00Z
2022-09-23,21.685714,extreme fear,2022-09-23T00:00:00Z
2022-09-26,17.628571,extreme fear,2022-09-26T00:00:00Z
2022-09-27,16.514286,extreme fear,2022-09-27T00:00:00Z
2022-09-28,17.028571,extreme fear,2022-09-28T00:00:00Z
2022-09-29,13.257143,extreme fear,2022-09-29T00:00:00Z
2022-09-30,16.457143,extreme fear,2022-09-30T00:00:00Z
2022-10-03,20.385714,extreme fear,2022-10-03T00:00:00Z
2022-10-04,27.885714,fear,2022-10-04T00:00:00Z
2022-10-05,29.714286,fear,2022-10-05T00:00:00Z
2022-10-06,23.142857,extreme fear,2022-10-06T00:00:00Z
2022-10-07,19.671429,extreme fear,2022-10-07T00:00:00Z
2022-10-10,19.4,extreme fear,2022-10-10T00:00:00Z
2022-10-11,16.885714,extreme fear,2022-10-11T00:00:00Z
2022-10-12,15.942857,extreme fear,2022-10-12T00:00:00Z
2022-10-13,19.371429,extreme fear,2022-10-13T00:00:00Z
2022-10-14,16.457143,extreme fear,2022-10-14T00:00:00Z
2022-10-17,23.4,extreme fear,2022-10-17T00:00:00Z
2022-10-18,28.8,fear,2022-10-18T00:00:00Z
2022-10-19,29.428571,fear,2022-10-19T00:00:00Z
2022-10-20,39.085714,fear,2022-10-20T00:00:00Z
2022-10-21,43.742857,fear,2022-10-21T00:00:00Z
2022-10-24,47.228571,neutral,2022-10-24T00:00:00Z
2022-10-25,51.371429,neutral,2022-10-25T00:00:00Z
2022-10-26,53.8,neutral,2022-10-26T00:00:00Z
2022-10-27,54.571429,neutral,2022-10-27T00:00:00Z
2022-10-28,57.114286,greed,2022-10-28T00:00:00Z
2022-10-31,64.057143,greed,2022-10-31T00:00:00Z
2022-11-01,63.514286,greed,2022-11-01T00:00:00Z
2022-11-02,55.285714,greed,2022-11-02T00:00:00Z
2022-11-03,55.514286,greed,2022-11-03T00:00:00Z
2022-11-04,56.514286,greed,2022-11-04T00:00:00Z
2022-11-07,59.657143,greed,2022-11-07T00:00:00Z
2022-11-08,57.942857,greed,2022-11-08T00:00:00Z
2022-11-09,54,neutral,2022-11-09T00:00:00Z
2022-11-10,60.342857,greed,2022-11-10T00:00:00Z
2022-11-11,63.742857,greed,2022-11-11T00:00:00Z
2022-11-14,62.685714,greed,2022-11-14T00:00:00Z
2022-11-15,66.914286,greed,2022-11-15T00:00:00Z
2022-11-16,65.085714,greed,2022-11-16T00:00:00Z
2022-11-17,61.485714,greed,2022-11-17T00:00:00Z
2022-11-18,60.342857,greed,2022-11-18T00:00:00Z
2022-11-21,60.971429,greed,2022-11-21T00:00:00Z
2022-11-22,60.8,greed,2022-11-22T00:00:00Z
2022-11-23,64.257143,greed,2022-11-23T00:00:00Z
2022-11-25,63.085714,greed,2022-11-25T00:00:00Z
2022-11-28,59.742857,greed,2022-11-28T00:00:00Z
2022-11-29,58.171429,greed,2022-11-29T00:00:00Z
2022-11-30,73.971429,greed,2022-11-30T00:00:00Z
2022-12-01,75.6,extreme greed,2022-12-01T00:00:00Z
2022-12-02,68.142857,greed,2022-12-02T00:00:00Z
2022-12-05,65.085714,greed,2022-12-05T00:00:00Z
2022-12-06,61.828571,greed,2022-12-06T00:00:00Z
2022-12-07,58.428571,greed,2022-12-07T00:00:00Z
2022-12-08,55.685714,greed,2022-12-08T00:00:00Z
2022-12-09,52.085714,neutral,2022-12-09T00:00:00Z
2022-12-12,57.2,greed,2022-12-12T00:00:00Z
2022-12-13,59.171429,greed,2022-12-13T00:00:00Z
2022-12-14,60.942857,greed,2022-12-14T00:00:00Z
2022-12-15,60.142857,greed,2022-12-15T00:00:00Z
2022-12-16,44.142857,fear,2022-12-16T00:00:00Z
2022-12-19,39.971429,fear,2022-12-19T00:00:00Z
2022-12-20,38.314286,fear,2022-12-20T00:00:00Z
2022-12-21,38.542857,fear,2022-12-21T00:00:00Z
2022-12-22,37,fear,2022-12-22T00:00:00Z
2022-12-23,39.514286,fear,2022-12-23T00:00:00Z
2022-12-27,39.942857,fear,2022-12-27T00:00:00Z
2022-12-28,35.514286,fear,2022-12-28T00:00:00Z
2022-12-29,37.142857,fear,2022-12-29T00:00:00Z
2022-12-30,36.514286,fear,2022-12-30T00:00:00Z
2023-01-03,36.6,fear,2023-01-03T00:00:00Z
2023-01-04,39.857143,fear,2023-01-04T00:00:00Z
2023-01-05,44.171429,fear,2023-01-05T00:00:00Z
2023-01-06,45.714286,neutral,2023-01-06T00:00:00Z
2023-01-09,47.2,neutral,2023-01-09T00:00:00Z
2023-01-10,49.657143,neutral,2023-01-10T00:00:00Z
2023-01-11,54.228571,neutral,2023-01-11T00:00:00Z
2023-01-12,56.685714,greed,2023-01-12T00:00:00Z
2023-01-13,61.314286,greed,2023-01-13T00:00:00Z
2023-01-17,64.142857,greed,2023-01-17T00:00:00Z
2023-01-18,58.428571,greed,2023-01-18T00:00:00Z
2023-01-19,55.428571,greed,2023-01-19T00:00:00Z
2023-01-20,58.542857,greed,2023-01-20T00:00:00Z
2023-01-23,63.6,greed,2023-01-23T00:00:00Z
2023-01-24,63,greed,2023-01-24T00:00:00Z
2023-01-25,63.885714,greed,2023-01-25T00:00:00Z
2023-01-26,68.028571,greed,2023-01-26T00:00:00Z
2023-01-27,69.2,greed,2023-01-27T00:00:00Z
2023-01-30,67.457143,greed,2023-01-30T00:00:00Z
2023-01-31,70.342857,greed,2023-01-31T00:00:00Z
2023-02-01,82.171429,extreme greed,2023-02-01T00:00:00Z
2023-02-02,75.2,extreme greed,2023-02-02T00:00:00Z
2023-02-03,76.142857,extreme greed,2023-02-03T00:00:00Z
2023-02-06,75.914286,extreme greed,2023-02-06T00:00:00Z
2023-02-07,76.342857,extreme greed,2023-02-07T00:00:00Z
2023-02-08,74.628571,greed,2023-02-08T00:00:00Z
2023-02-09,72.628571,greed,2023-02-09T00:00:00Z
2023-02-10,72.485714,greed,2023-02-10T00:00:00Z
2023-02-13,71.828571,greed,2023-02-13T00:00:00Z
2023-02-14,73.257143,greed,2023-02-14T00:00:00Z
2023-02-15,73.657143,greed,2023-02-15T00:00:00Z
2023-02-16,70.714286,greed,2023-02-16T00:00:00Z
2023-02-17,69.485714,greed,2023-02-17T00:00:00Z
2023-02-21,65.914286,greed,2023-02-21T00:00:00Z
2023-02-22,64.171429,greed,2023-02-22T00:00:00Z
2023-02-23,62.657143,greed,2023-02-23T00:00:00Z
2023-02-24,60.657143,greed,2023-02-24T00:00:00Z
2023-02-27,61.228571,greed,2023-02-27T00:00:00Z
2023-02-28,61.2,greed,2023-02-28T00:00:00Z
2023-03-01,65.914286,greed,2023-03-01T00:00:00Z
2023-03-02,52.457143,neutral,2023-03-02T00:00:00Z
2023-03-03,55.685714,greed,2023-03-03T00:00:00Z
2023-03-06,55.257143,greed,2023-03-06T00:00:00Z
2023-03-07,48.514286,neutral,2023-03-07T00:00:00Z
2023-03-08,49.828571,neutral,2023-03-08T00:00:00Z
2023-03-09,37.542857,fear,2023-03-09T00:00:00Z
2023-03-10,26.885714,fear,2023-03-10T00:00:00Z
2023-03-13,23.357143,extreme fear,2023-03-13T00:00:00Z
2023-03-14,25.085714,fear,2023-03-14T00:00:00Z
2023-03-15,22.685714,extreme fear,2023-03-15T00:00:00Z
2023-03-16,32.571429,fear,2023-03-16T00:00:00Z
2023-03-17,27,fear,2023-03-17T00:00:00Z
2023-03-20,30.428571,fear,2023-03-20T00:00:00Z
2023-03-21,43.485714,fear,2023-03-21T00:00:00Z
2023-03-22,41.028571,fear,2023-03-22T00:00:00Z
2023-03-23,38.342857,fear,2023-03-23T00:00:00Z
2023-03-24,37.714286,fear,2023-03-24T00:00:00Z
2023-03-27,40.2,fear,2023-03-27T00:00:00Z
2023-03-28,39.6,fear,2023-03-28T00:00:00Z
2023-03-29,41.457143,fear,2023-03-29T00:00:00Z
2023-03-30,45.228571,neutral,2023-03-30T00:00:00Z
2023-03-31,49.485714,neutral,2023-03-31T00:00:00Z
2023-04-03,61.485714,greed,2023-04-03T00:00:00Z
2023-04-04,50.228571,neutral,2023-04-04T00:00:00Z
2023-04-05,52.628571,neutral,2023-04-05T00:00:00Z
2023-04-06,55.257143,greed,2023-04-06T00:00:00Z
2023-04-10,57.914286,greed,2023-04-10T00:00:00Z
2023-04-11,58.485714,greed,2023-04-11T00:00:00Z
2023-04-12,60.742857,greed,2023-04-12T00:00:00Z
2023-04-13,63.171429,greed,2023-04-13T00:00:00Z
2023-04-14,65.714286,greed,2023-04-14T00:00:00Z
2023-04-17,67.085714,greed,2023-04-17T00:00:00Z
2023-04-18,65.485714,greed,2023-04-18T00:00:00Z
2023-04-19,67.257143,greed,2023-04-19T00:00:00Z
2023-04-20,64.057143,greed,2023-04-20T00:00:00Z
2023-04-21,63.514286,greed,2023-04-21T00:00:00Z
2023-04-24,63.485714,greed,2023-04-24T00:00:00Z
2023-04-25,57.057143,greed,2023-04-25T00:00:00Z
2023-04-26,52.4,neutral,2023-04-26T00:00:00Z
2023-04-27,58.314286,greed,2023-04-27T00:00:00Z
2023-04-28,59.428571,greed,2023-04-28T00:00:00Z
2023-05-01,59.428571,greed,2023-05-01T00:00:00Z
2023-05-02,55.514286,greed,2023-05-02T00:00:00Z
2023-05-03,54.628571,neutral,2023-05-03T00:00:00Z
2023-05-04,49.6,neutral,2023-05-04T00:00:00Z
2023-05-05,53.885714,neutral,2023-05-05T00:00:00Z
2023-05-08,57.142857,greed,2023-05-08T00:00:00Z
2023-05-09,59.571429,greed,2023-05-09T00:00:00Z
2023-05-10,59.971429,greed,2023-05-10T00:00:00Z
2023-05-11,59.057143,greed,2023-05-11T00:00:00Z
2023-05-12,57.342857,greed,2023-05-12T00:00:00Z
2023-05-15,57.257143,greed,2023-05-15T00:00:00Z
2023-05-16,55.285714,greed,2023-05-16T00:00:00Z
2023-05-17,60.257143,greed,2023-05-17T00:00:00Z
2023-05-18,64.914286,greed,2023-05-18T00:00:00Z
2023-05-19,65.457143,greed,2023-05-19T00:00:00Z
2023-05-22,67.857143,greed,2023-05-22T00:00:00Z
2023-05-23,65.8,greed,2023-05-23T00:00:00Z
2023-05-24,61.828571,greed,2023-05-24T00:00:00Z
2023-05-25,62.685714,greed,2023-05-25T00:00:00Z
2023-05-26,65.714286,greed,2023-05-26T00:00:00Z
2023-05-30,66.085714,greed,2023-05-30T00:00:00Z
2023-05-31,64.171429,greed,2023-05-31T00:00:00Z
2023-06-01,68.057143,greed,2023-06-01T00:00:00Z
2023-06-02,75.428571,extreme greed,2023-06-02T00:00:00Z
2023-06-05,69.485714,greed,2023-06-05T00:00:00Z
2023-06-06,73.514286,greed,2023-06-06T00:00:00Z
2023-06-07,74.457143,greed,2023-06-07T00:00:00Z
2023-06-08,75.771429,extreme greed,2023-06-08T00:00:00Z
2023-06-09,76.971429,extreme greed,2023-06-09T00:00:00Z
2023-06-12,78.057143,extreme greed,2023-06-12T00:00:00Z
2023-06-13,79.628571,extreme greed,2023-06-13T00:00:00Z
2023-06-14,79.628571,extreme greed,2023-06-14T00:00:00Z
2023-06-15,80.885714,extreme greed,2023-06-15T00:00:00Z
2023-06-16,81.257143,extreme greed,2023-06-16T00:00:00Z
2023-06-20,80.114286,extreme greed,2023-06-20T00:00:00Z
2023-06-21,80.114286,extreme greed,2023-06-21T00:00:00Z
2023-06-22,80.057143,extreme greed,2023-06-22T00:00:00Z
2023-06-23,75.714286,extreme greed,2023-06-23T00:00:00Z
2023-06-26,73.457143,greed,2023-06-26T00:00:00Z
2023-06-27,75.485714,extreme greed,2023-06-27T00:00:00Z
2023-06-28,76.514286,extreme greed,2023-06-28T00:00:00Z
2023-06-29,79.2,extreme greed,2023-06-29T00:00:00Z
2023-06-30,79.485714,extreme greed,2023-06-30T00:00:00Z
2023-07-03,82.228571,extreme greed,2023-07-03T00:00:00Z
2023-07-05,79.257143,extreme greed,2023-07-05T00:00:00Z
2023-07-06,77.914286,extreme greed,2023-07-06T00:00:00Z
2023-07-07,77.685714,extreme greed,2023-07-07T00:00:00Z
2023-07-10,76.685714,extreme greed,2023-07-10T00:00:00Z
2023-07-11,78.285714,extreme greed,2023-07-11T00:00:00Z
2023-07-12,78.171429,extreme greed,2023-07-12T00:00:00Z
2023-07-13,79.4,extreme greed,2023-07-13T00:00:00Z
2023-07-14,79.8,extreme greed,2023-07-14T00:00:00Z
2023-07-17,80.028571,extreme greed,2023-07-17T00:00:00Z
2023-07-18,81.685714,extreme greed,2023-07-18T00:00:00Z
2023-07-19,82.342857,extreme greed,2023-07-19T00:00:00Z
2023-07-20,80.857143,extreme greed,2023-07-20T00:00:00Z
2023-07-21,81.028571,extreme greed,2023-07-21T00:00:00Z
2023-07-24,82.514286,extreme greed,2023-07-24T00:00:00Z
2023-07-25,81.228571,extreme greed,2023-07-25T00:00:00Z
2023-07-26,80.6,extreme greed,2023-07-26T00:00:00Z
2023-07-27,77.657143,extreme greed,2023-07-27T00:00:00Z
2023-07-28,76.914286,extreme greed,2023-07-28T00:00:00Z
2023-07-31,77.628571,extreme greed,2023-07-31T00:00:00Z
2023-08-01,77.342857,extreme greed,2023-08-01T00:00:00Z
2023-08-02,77.342857,extreme greed,2023-08-02T00:00:00Z
2023-08-03,73.628571,greed,2023-08-03T00:00:00Z
2023-08-04,64.5,greed,2023-08-04T00:00:00Z
2023-08-07,72.057143,greed,2023-08-07T00:00:00Z
2023-08-08,69.2,greed,2023-08-08T00:00:00Z
2023-08-09,67.314286,greed,2023-08-09T00:00:00Z
2023-08-10,66.342857,greed,2023-08-10T00:00:00Z
2023-08-11,65.028571,greed,2023-08-11T00:00:00Z
2023-08-14,66.285714,greed,2023-08-14T00:00:00Z
2023-08-15,54.5,neutral,2023-08-15T00:00:00Z
2023-08-16,49.485714,neutral,2023-08-16T00:00:00Z
2023-08-17,46.142857,neutral,2023-08-17T00:00:00Z
2023-08-18,43.657143,fear,2023-08-18T00:00:00Z
2023-08-21,43.485714,fear,2023-08-21T00:00:00Z
2023-08-22,43.442857,fear,2023-08-22T00:00:00Z
2023-08-23,50.171429,neutral,2023-08-23T00:00:00Z
2023-08-24,40.585714,fear,2023-08-24T00:00:00Z
2023-08-25,47.028571,neutral,2023-08-25T00:00:00Z
2023-08-28,45.285714,neutral,2023-08-28T00:00:00Z
2023-08-29,49.171429,neutral,2023-08-29T00:00:00Z
2023-08-30,50.428571,neutral,2023-08-30T00:00:00Z
2023-08-31,52.942857,neutral,2023-08-31T00:00:00Z
2023-09-01,55.028571,greed,2023-09-01T00:00:00Z
2023-09-05,59.085714,greed,2023-09-05T00:00:00Z
2023-09-06,56.714286,greed,2023-09-06T00:00:00Z
2023-09-07,53.628571,neutral,2023-09-07T00:00:00Z
2023-09-08,51.914286,neutral,2023-09-08T00:00:00Z
2023-09-11,52.2,neutral,2023-09-11T00:00:00Z
2023-09-12,51.4,neutral,2023-09-12T00:00:00Z
2023-09-13,51.4,neutral,2023-09-13T00:00:00Z
2023-09-14,54.428571,neutral,2023-09-14T00:00:00Z
2023-09-15,52.028571,neutral,2023-09-15T00:00:00Z
2023-09-18,49.485714,neutral,2023-09-18T00:00:00Z
2023-09-19,49.942857,neutral,2023-09-19T00:00:00Z
2023-09-20,48.285714,neutral,2023-09-20T00:00:00Z
2023-09-21,37.157143,fear,2023-09-21T00:00:00Z
2023-09-22,33.157143,fear,2023-09-22T00:00:00Z
2023-09-25,38.428571,fear,2023-09-25T00:00:00Z
2023-09-26,24.228571,extreme fear,2023-09-26T00:00:00Z
2023-09-27,22.828571,extreme fear,2023-09-27T00:00:00Z
2023-09-28,29,fear,2023-09-28T00:00:00Z
2023-09-29,28.4,fear,2023-09-29T00:00:00Z
2023-10-02,28.314286,fear,2023-10-02T00:00:00Z
2023-10-03,20.528571,extreme fear,2023-10-03T00:00:00Z
2023-10-04,20.985714,extreme fear,2023-10-04T00:00:00Z
2023-10-05,20.328571,extreme fear,2023-10-05T00:00:00Z
2023-10-06,27.714286,fear,2023-10-06T00:00:00Z
2023-10-09,29.257143,fear,2023-10-09T00:00:00Z
2023-10-10,32.314286,fear,2023-10-10T00:00:00Z
2023-10-11,34.342857,fear,2023-10-11T00:00:00Z
2023-10-12,35.685714,fear,2023-10-12T00:00:00Z
2023-10-13,26.271429,fear,2023-10-13T00:00:00Z
2023-10-16,35.742857,fear,2023-10-16T00:00:00Z
2023-10-17,39.142857,fear,2023-10-17T00:00:00Z
2023-10-18,30.571429,fear,2023-10-18T00:00:00Z
2023-10-19,29.542857,fear,2023-10-19T00:00:00Z
2023-10-20,22.857143,extreme fear,2023-10-20T00:00:00Z
2023-10-23,25.842857,fear,2023-10-23T00:00:00Z
2023-10-24,33.485714,fear,2023-10-24T00:00:00Z
2023-10-25,25.214286,fear,2023-10-25T00:00:00Z
2023-10-26,22.714286,extreme fear,2023-10-26T00:00:00Z
2023-10-27,21.614286,extreme fear,2023-10-27T00:00:00Z
2023-10-30,29.2,fear,2023-10-30T00:00:00Z
2023-10-31,30.142857,fear,2023-10-31T00:00:00Z
2023-11-01,32.171429,fear,2023-11-01T00:00:00Z
2023-11-02,37.685714,fear,2023-11-02T00:00:00Z
2023-11-03,36.114286,fear,2023-11-03T00:00:00Z
2023-11-06,38.914286,fear,2023-11-06T00:00:00Z
2023-11-07,39.628571,fear,2023-11-07T00:00:00Z
2023-11-08,39.771429,fear,2023-11-08T00:00:00Z
2023-11-09,41,fear,2023-11-09T00:00:00Z
2023-11-10,41.457143,fear,2023-11-10T00:00:00Z
2023-11-13,39.885714,fear,2023-11-13T00:00:00Z
2023-11-14,46.6,neutral,2023-11-14T00:00:00Z
2023-11-15,52.542857,neutral,2023-11-15T00:00:00Z
2023-11-16,55.057143,greed,2023-11-16T00:00:00Z
2023-11-17,58.857143,greed,2023-11-17T00:00:00Z
2023-11-20,61.285714,greed,2023-11-20T00:00:00Z
2023-11-21,61.171429,greed,2023-11-21T00:00:00Z
2023-11-22,65.057143,greed,2023-11-22T00:00:00Z
2023-11-24,66.857143,greed,2023-11-24T00:00:00Z
2023-11-27,65.314286,greed,2023-11-27T00:00:00Z
2023-11-28,65.085714,greed,2023-11-28T00:00:00Z
2023-11-29,63.285714,greed,2023-11-29T00:00:00Z
2023-11-30,64.371429,greed,2023-11-30T00:00:00Z
2023-12-01,64.514286,greed,2023-12-01T00:00:00Z
2023-12-04,63.714286,greed,2023-12-04T00:00:00Z
2023-12-05,65.142857,greed,2023-12-05T00:00:00Z
2023-12-06,63.971429,greed,2023-12-06T00:00:00Z
2023-12-07,66.142857,greed,2023-12-07T00:00:00Z
2023-12-08,65.942857,greed,2023-12-08T00:00:00Z
2023-12-11,67.285714,greed,2023-12-11T00:00:00Z
2023-12-12,67.885714,greed,2023-12-12T00:00:00Z
2023-12-13,67.542857,greed,2023-12-13T00:00:00Z
2023-12-14,70.542857,greed,2023-12-14T00:00:00Z
2023-12-15,69.457143,greed,2023-12-15T00:00:00Z
2023-12-18,70.485714,greed,2023-12-18T00:00:00Z
2023-12-19,82.971429,extreme greed,2023-12-19T00:00:00Z
2023-12-20,75.571429,extreme greed,2023-12-20T00:00:00Z
2023-12-21,77,extreme greed,2023-12-21T00:00:00Z
2023-12-22,79.742857,extreme greed,2023-12-22T00:00:00Z
2023-12-26,81.942857,extreme greed,2023-12-26T00:00:00Z
2023-12-27,81.171429,extreme greed,2023-12-27T00:00:00Z
2023-12-28,81.257143,extreme greed,2023-12-28T00:00:00Z
2023-12-29,80.714286,extreme greed,2023-12-29T00:00:00Z
2024-01-02,79.714286,extreme greed,2024-01-02T00:00:00Z
2024-01-03,76.714286,extreme greed,2024-01-03T00:00:00Z
2024-01-04,78.685714,extreme greed,2024-01-04T00:00:00Z
2024-01-05,75.771429,extreme greed,2024-01-05T00:00:00Z
2024-01-08,76.171429,extreme greed,2024-01-08T00:00:00Z
2024-01-09,75.685714,extreme greed,2024-01-09T00:00:00Z
2024-01-10,76.371429,extreme greed,2024-01-10T00:00:00Z
2024-01-11,74.657143,greed,2024-01-11T00:00:00Z
2024-01-12,73.085714,greed,2024-01-12T00:00:00Z
2024-01-16,72.285714,greed,2024-01-16T00:00:00Z
2024-01-17,57.214286,greed,2024-01-17T00:00:00Z
2024-01-18,66.457143,greed,2024-01-18T00:00:00Z
2024-01-19,72.828571,greed,2024-01-19T00:00:00Z
2024-01-22,72.857143,greed,2024-01-22T00:00:00Z
2024-01-23,70.257143,greed,2024-01-23T00:00:00Z
2024-01-24,72.485714,greed,2024-01-24T00:00:00Z
2024-01-25,73.228571,greed,2024-01-25T00:00:00Z
2024-01-26,73.8,greed,2024-01-26T00:00:00Z
2024-01-29,74.114286,greed,2024-01-29T00:00:00Z
2024-01-30,74.228571,greed,2024-01-30T00:00:00Z
2024-01-31,64.114286,greed,2024-01-31T00:00:00Z
2024-02-01,72.342857,greed,2024-02-01T00:00:00Z
2024-02-02,74.6,greed,2024-02-02T00:00:00Z
2024-02-05,73.314286,greed,2024-02-05T00:00:00Z
2024-02-06,73.2,greed,2024-02-06T00:00:00Z
2024-02-07,73.771429,greed,2024-02-07T00:00:00Z
2024-02-08,74.6,greed,2024-02-08T00:00:00Z
2024-02-09,75.428571,extreme greed,2024-02-09T00:00:00Z
2024-02-12,75.828571,extreme greed,2024-02-12T00:00:00Z
2024-02-13,66.742857,greed,2024-02-13T00:00:00Z
2024-02-14,67.514286,greed,2024-02-14T00:00:00Z
2024-02-15,73.857143,greed,2024-02-15T00:00:00Z
2024-02-16,73.485714,greed,2024-02-16T00:00:00Z
2024-02-20,63.742857,greed,2024-02-20T00:00:00Z
2024-02-21,63.7,greed,2024-02-21T00:00:00Z
2024-02-22,73.942857,greed,2024-02-22T00:00:00Z
2024-02-23,73.342857,greed,2024-02-23T00:00:00Z
2024-02-26,71.914286,greed,2024-02-26T00:00:00Z
2024-02-27,75.771429,extreme greed,2024-02-27T00:00:00Z
2024-02-28,76.771429,extreme greed,2024-02-28T00:00:00Z
2024-02-29,77.457143,extreme greed,2024-02-29T00:00:00Z
2024-03-01,76.828571,extreme greed,2024-03-01T00:00:00Z
2024-03-04,79.228571,extreme greed,2024-03-04T00:00:00Z
2024-03-05,76.114286,extreme greed,2024-03-05T00:00:00Z
2024-03-06,72.542857,greed,2024-03-06T00:00:00Z
2024-03-07,73.857143,greed,2024-03-07T00:00:00Z
2024-03-08,70.028571,greed,2024-03-08T00:00:00Z
2024-03-11,62.771429,greed,2024-03-11T00:00:00Z
2024-03-12,72.2,greed,2024-03-12T00:00:00Z
2024-03-13,71.771429,greed,2024-03-13T00:00:00Z
2024-03-14,70.4,greed,2024-03-14T00:00:00Z
2024-03-15,68.628571,greed,2024-03-15T00:00:00Z
2024-03-18,70.742857,greed,2024-03-18T00:00:00Z
2024-03-19,70.857143,greed,2024-03-19T00:00:00Z
2024-03-20,69.628571,greed,2024-03-20T00:00:00Z
2024-03-21,71.371429,greed,2024-03-21T00:00:00Z
2024-03-22,69.514286,greed,2024-03-22T00:00:00Z
2024-03-25,67.428571,greed,2024-03-25T00:00:00Z
2024-03-26,67.914286,greed,2024-03-26T00:00:00Z
2024-03-27,69.771429,greed,2024-03-27T00:00:00Z
2024-03-28,68.771429,greed,2024-03-28T00:00:00Z
2024-04-01,71.257143,greed,2024-04-01T00:00:00Z
2024-04-02,71.142857,greed,2024-04-02T00:00:00Z
2024-04-03,69.4,greed,2024-04-03T00:00:00Z
2024-04-04,53.8,neutral,2024-04-04T00:00:00Z
2024-04-05,58.1,greed,2024-04-05T00:00:00Z
2024-04-08,64.028571,greed,2024-04-08T00:00:00Z
2024-04-09,59.628571,greed,2024-04-09T00:00:00Z
2024-04-10,49.671429,neutral,2024-04-10T00:00:00Z
2024-04-11,56.657143,greed,2024-04-11T00:00:00Z
2024-04-12,45.014286,neutral,2024-04-12T00:00:00Z
2024-04-15,38.4,fear,2024-04-15T00:00:00Z
2024-04-16,35.114286,fear,2024-04-16T00:00:00Z
2024-04-17,31.157143,fear,2024-04-17T00:00:00Z
2024-04-18,30.4,fear,2024-04-18T00:00:00Z
2024-04-19,27.671429,fear,2024-04-19T00:00:00Z
2024-04-22,34.171429,fear,2024-04-22T00:00:00Z
2024-04-23,36.571429,fear,2024-04-23T00:00:00Z
2024-04-24,37.485714,fear,2024-04-24T00:00:00Z
2024-04-25,39.085714,fear,2024-04-25T00:00:00Z
2024-04-26,40.514286,fear,2024-04-26T00:00:00Z
2024-04-29,42.428571,fear,2024-04-29T00:00:00Z
2024-04-30,40.542857,fear,2024-04-30T00:00:00Z
2024-05-01,40.514286,fear,2024-05-01T00:00:00Z
2024-05-02,42.228571,fear,2024-05-02T00:00:00Z
2024-05-03,43.257143,fear,2024-05-03T00:00:00Z
2024-05-06,39,fear,2024-05-06T00:00:00Z
2024-05-07,37.171429,fear,2024-05-07T00:00:00Z
2024-05-08,38.171429,fear,2024-05-08T00:00:00Z
2024-05-09,42.228571,fear,2024-05-09T00:00:00Z
2024-05-10,46.028571,neutral,2024-05-10T00:00:00Z
2024-05-13,48.114286,neutral,2024-05-13T00:00:00Z
2024-05-14,55.285714,greed,2024-05-14T00:00:00Z
2024-05-15,59.371429,greed,2024-05-15T00:00:00Z
2024-05-16,62.314286,greed,2024-05-16T00:00:00Z
2024-05-17,62.8,greed,2024-05-17T00:00:00Z
2024-05-20,60.428571,greed,2024-05-20T00:00:00Z
2024-05-21,59.428571,greed,2024-05-21T00:00:00Z
2024-05-22,58.514286,greed,2024-05-22T00:00:00Z
2024-05-23,52.371429,neutral,2024-05-23T00:00:00Z
2024-05-24,51.742857,neutral,2024-05-24T00:00:00Z
2024-05-28,54.685714,neutral,2024-05-28T00:00:00Z
2024-05-29,49.971429,neutral,2024-05-29T00:00:00Z
2024-05-30,45.085714,neutral,2024-05-30T00:00:00Z
2024-05-31,48.428571,neutral,2024-05-31T00:00:00Z
2024-06-03,45.485714,neutral,2024-06-03T00:00:00Z
2024-06-04,47.628571,neutral,2024-06-04T00:00:00Z
2024-06-05,51.142857,neutral,2024-06-05T00:00:00Z
2024-06-06,45.314286,neutral,2024-06-06T00:00:00Z
2024-06-07,43.4,fear,2024-06-07T00:00:00Z
2024-06-10,44.742857,fear,2024-06-10T00:00:00Z
2024-06-11,44.4,fear,2024-06-11T00:00:00Z
2024-06-12,46.571429,neutral,2024-06-12T00:00:00Z
2024-06-13,44.571429,fear,2024-06-13T00:00:00Z
2024-06-14,41.114286,fear,2024-06-14T00:00:00Z
2024-06-17,43.285714,fear,2024-06-17T00:00:00Z
2024-06-18,41.285714,fear,2024-06-18T00:00:00Z
2024-06-20,38.714286,fear,2024-06-20T00:00:00Z
2024-06-21,39.057143,fear,2024-06-21T00:00:00Z
2024-06-24,37.771429,fear,2024-06-24T00:00:00Z
2024-06-25,37.285714,fear,2024-06-25T00:00:00Z
2024-06-26,40.885714,fear,2024-06-26T00:00:00Z
2024-06-27,45.514286,neutral,2024-06-27T00:00:00Z
2024-06-28,44.314286,fear,2024-06-28T00:00:00Z
2024-07-01,47.942857,neutral,2024-07-01T00:00:00Z
2024-07-02,49.742857,neutral,2024-07-02T00:00:00Z
2024-07-03,48.371429,neutral,2024-07-03T00:00:00Z
2024-07-05,49.714286,neutral,2024-07-05T00:00:00Z
2024-07-08,51.057143,neutral,2024-07-08T00:00:00Z
2024-07-09,50.571429,neutral,2024-07-09T00:00:00Z
2024-07-10,54.6,neutral,2024-07-10T00:00:00Z
2024-07-11,49.4,neutral,2024-07-11T00:00:00Z
2024-07-12,54.371429,neutral,2024-07-12T00:00:00Z
2024-07-15,57.742857,greed,2024-07-15T00:00:00Z
2024-07-16,57.028571,greed,2024-07-16T00:00:00Z
2024-07-17,46.114286,neutral,2024-07-17T00:00:00Z
2024-07-18,45.942857,neutral,2024-07-18T00:00:00Z
2024-07-19,43,fear,2024-07-19T00:00:00Z
2024-07-22,48.428571,neutral,2024-07-22T00:00:00Z
2024-07-23,46.857143,neutral,2024-07-23T00:00:00Z
2024-07-24,38.614286,fear,2024-07-24T00:00:00Z
2024-07-25,39.071429,fear,2024-07-25T00:00:00Z
2024-07-26,42.542857,fear,2024-07-26T00:00:00Z
2024-07-29,42.071429,fear,2024-07-29T00:00:00Z
2024-07-30,40.8,fear,2024-07-30T00:00:00Z
2024-07-31,46.885714,neutral,2024-07-31T00:00:00Z
2024-08-01,42.685714,fear,2024-08-01T00:00:00Z
2024-08-02,41.385714,fear,2024-08-02T00:00:00Z
2024-08-05,33.057143,fear,2024-08-05T00:00:00Z
2024-08-06,19.014286,extreme fear,2024-08-06T00:00:00Z
2024-08-07,16.557143,extreme fear,2024-08-07T00:00:00Z
2024-08-08,17.657143,extreme fear,2024-08-08T00:00:00Z
2024-08-09,24.085714,extreme fear,2024-08-09T00:00:00Z
2024-08-12,23.8,extreme fear,2024-08-12T00:00:00Z
2024-08-13,25.514286,fear,2024-08-13T00:00:00Z
2024-08-14,26.428571,fear,2024-08-14T00:00:00Z
2024-08-15,32.371429,fear,2024-08-15T00:00:00Z
2024-08-16,33.742857,fear,2024-08-16T00:00:00Z
2024-08-19,39.885714,fear,2024-08-19T00:00:00Z
2024-08-20,44.685714,fear,2024-08-20T00:00:00Z
2024-08-21,50.228571,neutral,2024-08-21T00:00:00Z
2024-08-22,46.771429,neutral,2024-08-22T00:00:00Z
2024-08-23,51.571429,neutral,2024-08-23T00:00:00Z
2024-08-26,52.942857,neutral,2024-08-26T00:00:00Z
2024-08-27,52.285714,neutral,2024-08-27T00:00:00Z
2024-08-28,51.085714,neutral,2024-08-28T00:00:00Z
2024-08-29,56.057143,greed,2024-08-29T00:00:00Z
2024-08-30,60.314286,greed,2024-08-30T00:00:00Z
2024-09-03,56.342857,greed,2024-09-03T00:00:00Z
2024-09-04,56.628571,greed,2024-09-04T00:00:00Z
2024-09-05,50.628571,neutral,2024-09-05T00:00:00Z
2024-09-06,39.342857,fear,2024-09-06T00:00:00Z
2024-09-09,41.971429,fear,2024-09-09T00:00:00Z
2024-09-10,39.685714,fear,2024-09-10T00:00:00Z
2024-09-11,43.085714,fear,2024-09-11T00:00:00Z
2024-09-12,42.971429,fear,2024-09-12T00:00:00Z
2024-09-13,48.628571,neutral,2024-09-13T00:00:00Z
2024-09-16,50.314286,neutral,2024-09-16T00:00:00Z
2024-09-17,54.628571,neutral,2024-09-17T00:00:00Z
2024-09-18,55.171429,greed,2024-09-18T00:00:00Z
2024-09-19,63.8,greed,2024-09-19T00:00:00Z
2024-09-20,61.2,greed,2024-09-20T00:00:00Z
2024-09-23,63.857143,greed,2024-09-23T00:00:00Z
2024-09-24,66.428571,greed,2024-09-24T00:00:00Z
2024-09-25,65.742857,greed,2024-09-25T00:00:00Z
2024-09-26,70.742857,greed,2024-09-26T00:00:00Z
2024-09-27,67.314286,greed,2024-09-27T00:00:00Z
2024-09-30,73.685714,greed,2024-09-30T00:00:00Z
2024-10-01,70.314286,greed,2024-10-01T00:00:00Z
2024-10-02,70.571429,greed,2024-10-02T00:00:00Z
2024-10-03,69.428571,greed,2024-10-03T00:00:00Z
2024-10-04,71.4,greed,2024-10-04T00:00:00Z
2024-10-07,70.828571,greed,2024-10-07T00:00:00Z
2024-10-08,71.171429,greed,2024-10-08T00:00:00Z
2024-10-09,71.142857,greed,2024-10-09T00:00:00Z
2024-10-10,70.285714,greed,2024-10-10T00:00:00Z
2024-10-11,71.657143,greed,2024-10-11T00:00:00Z
2024-10-14,74.228571,greed,2024-10-14T00:00:00Z
2024-10-15,71.142857,greed,2024-10-15T00:00:00Z
2024-10-16,69.028571,greed,2024-10-16T00:00:00Z
2024-10-17,68.571429,greed,2024-10-17T00:00:00Z
2024-10-18,72.428571,greed,2024-10-18T00:00:00Z
2024-10-21,69.8,greed,2024-10-21T00:00:00Z
2024-10-22,70.371429,greed,2024-10-22T00:00:00Z
2024-10-23,63.2,greed,2024-10-23T00:00:00Z
2024-10-24,62.942857,greed,2024-10-24T00:00:00Z
2024-10-25,58.742857,greed,2024-10-25T00:00:00Z
2024-10-28,60.857143,greed,2024-10-28T00:00:00Z
2024-10-29,60.057143,greed,2024-10-29T00:00:00Z
2024-10-30,57.2,greed,2024-10-30T00:00:00Z
2024-10-31,40.457143,fear,2024-10-31T00:00:00Z
2024-11-01,50.485714,neutral,2024-11-01T00:00:00Z
2024-11-04,42.428571,fear,2024-11-04T00:00:00Z
2024-11-05,43.542857,fear,2024-11-05T00:00:00Z
2024-11-06,44,fear,2024-11-06T00:00:00Z
2024-11-07,59.057143,greed,2024-11-07T00:00:00Z
2024-11-08,59.428571,greed,2024-11-08T00:00:00Z
2024-11-11,66.6,greed,2024-11-11T00:00:00Z
2024-11-12,66.714286,greed,2024-11-12T00:00:00Z
2024-11-13,66.314286,greed,2024-11-13T00:00:00Z
2024-11-14,60.314286,greed,2024-11-14T00:00:00Z
2024-11-15,51.2,neutral,2024-11-15T00:00:00Z
2024-11-18,50.285714,neutral,2024-11-18T00:00:00Z
2024-11-19,49.514286,neutral,2024-11-19T00:00:00Z
2024-11-20,49.514286,neutral,2024-11-20T00:00:00Z
2024-11-21,56.6,greed,2024-11-21T00:00:00Z
2024-11-22,60.714286,greed,2024-11-22T00:00:00Z
2024-11-25,62.885714,greed,2024-11-25T00:00:00Z
2024-11-26,65.914286,greed,2024-11-26T00:00:00Z
2024-11-27,64.4,greed,2024-11-27T00:00:00Z
2024-11-29,65,greed,2024-11-29T00:00:00Z
2024-12-02,65.314286,greed,2024-12-02T00:00:00Z
2024-12-03,59.571429,greed,2024-12-03T00:00:00Z
2024-12-04,57.485714,greed,2024-12-04T00:00:00Z
2024-12-05,54.914286,neutral,2024-12-05T00:00:00Z
2024-12-06,52.142857,neutral,2024-12-06T00:00:00Z
2024-12-09,49.257143,neutral,2024-12-09T00:00:00Z
2024-12-10,46.971429,neutral,2024-12-10T00:00:00Z
2024-12-11,49.2,neutral,2024-12-11T00:00:00Z
2024-12-12,47.114286,neutral,2024-12-12T00:00:00Z
2024-12-13,49.114286,neutral,2024-12-13T00:00:00Z
2024-12-16,56.057143,greed,2024-12-16T00:00:00Z
2024-12-17,51.4,neutral,2024-12-17T00:00:00Z
2024-12-18,33.128571,fear,2024-12-18T00:00:00Z
2024-12-19,19.514286,extreme fear,2024-12-19T00:00:00Z
2024-12-20,27.6,fear,2024-12-20T00:00:00Z
2024-12-23,30.142857,fear,2024-12-23T00:00:00Z
2024-12-24,34.514286,fear,2024-12-24T00:00:00Z
2024-12-26,34.171429,fear,2024-12-26T00:00:00Z
2024-12-27,33.828571,fear,2024-12-27T00:00:00Z
2024-12-30,28.6,fear,2024-12-30T00:00:00Z
2024-12-31,26.314286,fear,2024-12-31T00:00:00Z
2025-01-02,24.314286,extreme fear,2025-01-02T00:00:00Z
2025-01-03,28.885714,fear,2025-01-03T00:00:00Z
2025-01-06,33.771429,fear,2025-01-06T00:00:00Z
2025-01-07,34.314286,fear,2025-01-07T00:00:00Z
2025-01-08,31.914286,fear,2025-01-08T00:00:00Z
2025-01-10,25.628571,fear,2025-01-10T00:00:00Z
2025-01-13,25.342857,fear,2025-01-13T00:00:00Z
2025-01-14,25.142857,fear,2025-01-14T00:00:00Z
2025-01-15,27.428571,fear,2025-01-15T00:00:00Z
2025-01-16,27.342857,fear,2025-01-16T00:00:00Z
2025-01-17,36.028571,fear,2025-01-17T00:00:00Z
2025-01-21,39.914286,fear,2025-01-21T00:00:00Z
2025-01-22,41.628571,fear,2025-01-22T00:00:00Z
2025-01-23,43.685714,fear,2025-01-23T00:00:00Z
2025-01-24,45.8,neutral,2025-01-24T00:00:00Z
2025-01-27,37.971429,fear,2025-01-27T00:00:00Z
2025-01-28,40.628571,fear,2025-01-28T00:00:00Z
2025-01-29,42.4,fear,2025-01-29T00:00:00Z
2025-01-30,45.914286,neutral,2025-01-30T00:00:00Z
2025-01-31,43.771429,fear,2025-01-31T00:00:00Z
2025-02-03,37.4,fear,2025-02-03T00:00:00Z
2025-02-04,37.142857,fear,2025-02-04T00:00:00Z
2025-02-05,38.628571,fear,2025-02-05T00:00:00Z
2025-02-06,39.685714,fear,2025-02-06T00:00:00Z
2025-02-07,38.371429,fear,2025-02-07T00:00:00Z
2025-02-10,44.714286,fear,2025-02-10T00:00:00Z
2025-02-11,45.4,neutral,2025-02-11T00:00:00Z
2025-02-12,41.371429,fear,2025-02-12T00:00:00Z
2025-02-13,46.6,neutral,2025-02-13T00:00:00Z
2025-02-14,43.685714,fear,2025-02-14T00:00:00Z
2025-02-18,46.8,neutral,2025-02-18T00:00:00Z
2025-02-19,47.628571,neutral,2025-02-19T00:00:00Z
2025-02-20,44.228571,fear,2025-02-20T00:00:00Z
2025-02-21,36.971429,fear,2025-02-21T00:00:00Z
2025-02-24,29.542857,fear,2025-02-24T00:00:00Z
2025-02-25,24.2,extreme fear,2025-02-25T00:00:00Z
2025-02-26,21.257143,extreme fear,2025-02-26T00:00:00Z
2025-02-27,12.757143,extreme fear,2025-02-27T00:00:00Z
2025-02-28,20.657143,extreme fear,2025-02-28T00:00:00Z
2025-03-03,12.342857,extreme fear,2025-03-03T00:00:00Z
2025-03-04,11.042857,extreme fear,2025-03-04T00:00:00Z
2025-03-05,11.514286,extreme fear,2025-03-05T00:00:00Z
2025-03-06,17.2,extreme fear,2025-03-06T00:00:00Z
2025-03-07,17.642857,extreme fear,2025-03-07T00:00:00Z
2025-03-10,17.071429,extreme fear,2025-03-10T00:00:00Z
2025-03-11,15.114286,extreme fear,2025-03-11T00:00:00Z
2025-03-12,15.914286,extreme fear,2025-03-12T00:00:00Z
2025-03-13,15.185714,extreme fear,2025-03-13T00:00:00Z
2025-03-14,22.057143,extreme fear,2025-03-14T00:00:00Z
2025-03-17,22.571429,extreme fear,2025-03-17T00:00:00Z
2025-03-18,22.228571,extreme fear,2025-03-18T00:00:00Z
2025-03-19,21.6,extreme fear,2025-03-19T00:00:00Z
2025-03-20,21.685714,extreme fear,2025-03-20T00:00:00Z
2025-03-21,22.685714,extreme fear,2025-03-21T00:00:00Z
2025-03-24,25.4,fear,2025-03-24T00:00:00Z
2025-03-25,29.285714,fear,2025-03-25T00:00:00Z
2025-03-26,28.885714,fear,2025-03-26T00:00:00Z
2025-03-27,28.342857,fear,2025-03-27T00:00:00Z
2025-03-28,26.371429,fear,2025-03-28T00:00:00Z
2025-03-31,21.114286,extreme fear,2025-03-31T00:00:00Z
2025-04-01,19.571429,extreme fear,2025-04-01T00:00:00Z
2025-04-02,22.6,extreme fear,2025-04-02T00:00:00Z
2025-04-03,12.142857,extreme fear,2025-04-03T00:00:00Z
2025-04-04,5.385714,extreme fear,2025-04-04T00:00:00Z
2025-04-07,4,extreme fear,2025-04-07T00:00:00Z
2025-04-08,2.9,extreme fear,2025-04-08T00:00:00Z
2025-04-09,9.5,extreme fear,2025-04-09T00:00:00Z
2025-04-10,5.614286,extreme fear,2025-04-10T00:00:00Z
2025-04-11,8.385714,extreme fear,2025-04-11T00:00:00Z
2025-04-14,12.342857,extreme fear,2025-04-14T00:00:00Z
2025-04-15,13.114286,extreme fear,2025-04-15T00:00:00Z
2025-04-16,11.142857,extreme fear,2025-04-16T00:00:00Z
2025-04-17,16.057143,extreme fear,2025-04-17T00:00:00Z
2025-04-21,12.371429,extreme fear,2025-04-21T00:00:00Z
2025-04-22,13.6,extreme fear,2025-04-22T00:00:00Z
2025-04-23,21.542857,extreme fear,2025-04-23T00:00:00Z
2025-04-24,24.085714,extreme fear,2025-04-24T00:00:00Z
2025-04-25,34.514286,fear,2025-04-25T00:00:00Z
2025-04-28,32.142857,fear,2025-04-28T00:00:00Z
2025-04-29,32.742857,fear,2025-04-29T00:00:00Z
2025-04-30,32.371429,fear,2025-04-30T00:00:00Z
2025-05-01,41.257143,fear,2025-05-01T00:00:00Z
2025-05-02,38.285714,fear,2025-05-02T00:00:00Z
2025-05-05,53.057143,neutral,2025-05-05T00:00:00Z
2025-05-06,54.657143,neutral,2025-05-06T00:00:00Z
2025-05-07,54.142857,neutral,2025-05-07T00:00:00Z
2025-05-08,57.657143,greed,2025-05-08T00:00:00Z
2025-05-09,60.028571,greed,2025-05-09T00:00:00Z
2025-05-12,64.485714,greed,2025-05-12T00:00:00Z
2025-05-13,68.2,greed,2025-05-13T00:00:00Z
2025-05-14,70.4,greed,2025-05-14T00:00:00Z
2025-05-15,69.142857,greed,2025-05-15T00:00:00Z
2025-05-16,70.6,greed,2025-05-16T00:00:00Z
2025-05-19,69.742857,greed,2025-05-19T00:00:00Z
2025-05-20,69.171429,greed,2025-05-20T00:00:00Z
2025-05-21,66.228571,greed,2025-05-21T00:00:00Z
2025-05-22,66.8,greed,2025-05-22T00:00:00Z
2025-05-23,64.085714,greed,2025-05-23T00:00:00Z
2025-05-27,65.742857,greed,2025-05-27T00:00:00Z
2025-05-28,64.742857,greed,2025-05-28T00:00:00Z
2025-05-29,64.457143,greed,2025-05-29T00:00:00Z
2025-05-30,61.914286,greed,2025-05-30T00:00:00Z
2025-06-02,62.428571,greed,2025-06-02T00:00:00Z
2025-06-03,54.571429,neutral,2025-06-03T00:00:00Z
2025-06-04,54.885714,neutral,2025-06-04T00:00:00Z
2025-06-05,57.971429,greed,2025-06-05T00:00:00Z
2025-06-06,61.771429,greed,2025-06-06T00:00:00Z
2025-06-09,63.428571,greed,2025-06-09T00:00:00Z
2025-06-10,64,greed,2025-06-10T00:00:00Z
2025-06-11,64.2,greed,2025-06-11T00:00:00Z
2025-06-12,64.6,greed,2025-06-12T00:00:00Z
2025-06-13,59.542857,greed,2025-06-13T00:00:00Z
2025-06-16,61.114286,greed,2025-06-16T00:00:00Z
2025-06-17,57.428571,greed,2025-06-17T00:00:00Z
2025-06-18,54.285714,neutral,2025-06-18T00:00:00Z
2025-06-20,54.514286,neutral,2025-06-20T00:00:00Z
2025-06-23,56.6,greed,2025-06-23T00:00:00Z
2025-06-24,57.885714,greed,2025-06-24T00:00:00Z
2025-06-25,59.257143,greed,2025-06-25T00:00:00Z
2025-06-26,63,greed,2025-06-26T00:00:00Z
2025-06-27,64.8,greed,2025-06-27T00:00:00Z
2025-06-30,69.228571,greed,2025-06-30T00:00:00Z
2025-07-01,67.542857,greed,2025-07-01T00:00:00Z
2025-07-02,63.714286,greed,2025-07-02T00:00:00Z
2025-07-03,77.628571,extreme greed,2025-07-03T00:00:00Z
2025-07-07,75.085714,extreme greed,2025-07-07T00:00:00Z
2025-07-08,74.628571,greed,2025-07-08T00:00:00Z
2025-07-09,75.914286,extreme greed,2025-07-09T00:00:00Z
2025-07-10,76.971429,extreme greed,2025-07-10T00:00:00Z
2025-07-11,75.257143,extreme greed,2025-07-11T00:00:00Z
2025-07-14,76.114286,extreme greed,2025-07-14T00:00:00Z
2025-07-15,73.485714,greed,2025-07-15T00:00:00Z
2025-07-16,72.942857,greed,2025-07-16T00:00:00Z
2025-07-17,74.171429,greed,2025-07-17T00:00:00Z
2025-07-18,73.942857,greed,2025-07-18T00:00:00Z
2025-07-21,73.285714,greed,2025-07-21T00:00:00Z
2025-07-22,73.885714,greed,2025-07-22T00:00:00Z
2025-07-23,76.371429,extreme greed,2025-07-23T00:00:00Z
2025-07-24,75.257143,extreme greed,2025-07-24T00:00:00Z
2025-07-25,74.657143,greed,2025-07-25T00:00:00Z
2025-07-28,73.8,greed,2025-07-28T00:00:00Z
2025-07-29,70.628571,greed,2025-07-29T00:00:00Z
2025-07-30,68.028571,greed,2025-07-30T00:00:00Z
2025-07-31,63.714286,greed,2025-07-31T00:00:00Z
2025-08-01,49.8,neutral,2025-08-01T00:00:00Z
2025-08-04,56.885714,greed,2025-08-04T00:00:00Z
2025-08-05,55.028571,greed,2025-08-05T00:00:00Z
2025-08-06,55.314286,greed,2025-08-06T00:00:00Z
2025-08-07,54.714286,neutral,2025-08-07T00:00:00Z
2025-08-08,58.371429,greed,2025-08-08T00:00:00Z
2025-08-11,57.628571,greed,2025-08-11T00:00:00Z
2025-08-12,62.257143,greed,2025-08-12T00:00:00Z
2025-08-13,63.342857,greed,2025-08-13T00:00:00Z
2025-08-14,63.257143,greed,2025-08-14T00:00:00Z
2025-08-15,63.542857,greed,2025-08-15T00:00:00Z
2025-08-18,64.2,greed,2025-08-18T00:00:00Z
2025-08-19,59.885714,greed,2025-08-19T00:00:00Z
2025-08-20,55.914286,greed,2025-08-20T00:00:00Z
2025-08-21,52.6,neutral,2025-08-21T00:00:00Z
2025-08-22,55.542857,greed,2025-08-22T00:00:00Z
2025-08-25,53.942857,neutral,2025-08-25T00:00:00Z
2025-08-26,55.4,greed,2025-08-26T00:00:00Z
2025-08-27,59.114286,greed,2025-08-27T00:00:00Z
2025-08-28,64.428571,greed,2025-08-28T00:00:00Z
2025-08-29,61.542857,greed,2025-08-29T00:00:00Z
2025-09-02,62.457143,greed,2025-09-02T00:00:00Z
2025-09-03,61.371429,greed,2025-09-03T00:00:00Z
2025-09-04,61.171429,greed,2025-09-04T00:00:00Z
2025-09-05,58.685714,greed,2025-09-05T00:00:00Z
2025-09-08,58.228571,greed,2025-09-08T00:00:00Z
2025-09-09,57.942857,greed,2025-09-09T00:00:00Z
2025-09-10,57.942857,greed,2025-09-10T00:00:00Z
2025-09-11,60.342857,greed,2025-09-11T00:00:00Z
2025-09-12,61.342857,greed,2025-09-12T00:00:00Z
2025-09-15,64.457143,greed,2025-09-15T00:00:00Z
2025-09-16,64.371429,greed,2025-09-16T00:00:00Z
2025-09-17,63.771429,greed,2025-09-17T00:00:00Z
2025-09-18,66.542857,greed,2025-09-18T00:00:00Z
2025-09-19,66.228571,greed,2025-09-19T00:00:00Z
2025-09-22,66.514286,greed,2025-09-22T00:00:00Z
2025-09-23,56.771429,greed,2025-09-23T00:00:00Z
2025-09-24,54.571429,neutral,2025-09-24T00:00:00Z
2025-09-25,50.657143,neutral,2025-09-25T00:00:00Z
2025-09-26,51.285714,neutral,2025-09-26T00:00:00Z
2025-09-29,50.971429,neutral,2025-09-29T00:00:00Z
2025-09-30,51.4,neutral,2025-09-30T00:00:00Z
2025-10-01,52.485714,neutral,2025-10-01T00:00:00Z
2025-10-02,54.542857,neutral,2025-10-02T00:00:00Z
2025-10-03,52.571429,neutral,2025-10-03T00:00:00Z
2025-10-06,53.971429,neutral,2025-10-06T00:00:00Z
2025-10-07,51.857143,neutral,2025-10-07T00:00:00Z
2025-10-08,52.942857,neutral,2025-10-08T00:00:00Z
2025-10-09,48.628571,neutral,2025-10-09T00:00:00Z
2025-10-10,30.142857,fear,2025-10-10T00:00:00Z
2025-10-13,29.742857,fear,2025-10-13T00:00:00Z
2025-10-14,28.285714,fear,2025-10-14T00:00:00Z
2025-10-15,27.414286,fear,2025-10-15T00:00:00Z
2025-10-16,23.114286,extreme fear,2025-10-16T00:00:00Z
2025-10-17,22.328571,extreme fear,2025-10-17T00:00:00Z
2025-10-20,29.857143,fear,2025-10-20T00:00:00Z
2025-10-21,28.542857,fear,2025-10-21T00:00:00Z
2025-10-22,26.371429,fear,2025-10-22T00:00:00Z
2025-10-23,27.571429,fear,2025-10-23T00:00:00Z
2025-10-24,32.457143,fear,2025-10-24T00:00:00Z
2025-10-27,37.342857,fear,2025-10-27T00:00:00Z
2025-10-28,39.342857,fear,2025-10-28T00:00:00Z
2025-10-29,42.114286,fear,2025-10-29T00:00:00Z
2025-10-30,37.057143,fear,2025-10-30T00:00:00Z
2025-10-31,34.457143,fear,2025-10-31T00:00:00Z
2025-11-03,32.6,fear,2025-11-03T00:00:00Z
2025-11-04,20.942857,extreme fear,2025-11-04T00:00:00Z
2025-11-05,23.057143,extreme fear,2025-11-05T00:00:00Z
2025-11-06,24.342857,extreme fear,2025-11-06T00:00:00Z
2025-11-07,20.428571,extreme fear,2025-11-07T00:00:00Z
2025-11-10,29.942857,fear,2025-11-10T00:00:00Z
2025-11-11,30.457143,fear,2025-11-11T00:00:00Z
2025-11-12,34.571429,fear,2025-11-12T00:00:00Z
2025-11-13,24.542857,extreme fear,2025-11-13T00:00:00Z
2025-11-14,22.057143,extreme fear,2025-11-14T00:00:00Z
2025-11-17,11.642857,extreme fear,2025-11-17T00:00:00Z
2025-11-18,8.9,extreme fear,2025-11-18T00:00:00Z
2025-11-19,7.857143,extreme fear,2025-11-19T00:00:00Z
2025-11-20,5.171429,extreme fear,2025-11-20T00:00:00Z
2025-11-21,5.657143,extreme fear,2025-11-21T00:00:00Z
2025-11-24,13.685714,extreme fear,2025-11-24T00:00:00Z
2025-11-25,15.028571,extreme fear,2025-11-25T00:00:00Z
2025-11-26,17.657143,extreme fear,2025-11-26T00:00:00Z
2025-11-28,21.771429,extreme fear,2025-11-28T00:00:00Z
2025-12-01,22.085714,extreme fear,2025-12-01T00:00:00Z
2025-12-02,23.257143,extreme fear,2025-12-02T00:00:00Z
2025-12-03,24.771429,extreme fear,2025-12-03T00:00:00Z
2025-12-04,36.028571,fear,2025-12-04T00:00:00Z
2025-12-05,38.142857,fear,2025-12-05T00:00:00Z
2025-12-08,40.771429,fear,2025-12-08T00:00:00Z
2025-12-09,40.942857,fear,2025-12-09T00:00:00Z
2025-12-10,36.371429,fear,2025-12-10T00:00:00Z
2025-12-11,43.742857,fear,2025-12-11T00:00:00Z
2025-12-12,39.285714,fear,2025-12-12T00:00:00Z
2025-12-15,49.314286,neutral,2025-12-15T00:00:00Z
2025-12-16,46.4,neutral,2025-12-16T00:00:00Z
2025-12-17,37.685714,fear,2025-12-17T00:00:00Z
2025-12-18,42.371429,fear,2025-12-18T00:00:00Z
2025-12-19,44.2,fear,2025-12-19T00:00:00Z
2025-12-22,54.885714,neutral,2025-12-22T00:00:00Z
2025-12-23,58.571429,greed,2025-12-23T00:00:00Z
2025-12-24,58,greed,2025-12-24T00:00:00Z
2025-12-26,54.857143,neutral,2025-12-26T00:00:00Z
2025-12-29,47.885714,neutral,2025-12-29T00:00:00Z
2025-12-30,46.114286,neutral,2025-12-30T00:00:00Z
2025-12-31,43.257143,fear,2025-12-31T00:00:00Z
2026-01-02,45.228571,neutral,2026-01-02T00:00:00Z
2026-01-05,47.6,neutral,2026-01-05T00:00:00Z
2026-01-06,52.857143,neutral,2026-01-06T00:00:00Z
2026-01-07,48.571429,neutral,2026-01-07T00:00:00Z
2026-01-08,48.371429,neutral,2026-01-08T00:00:00Z
2026-01-09,54.114286,neutral,2026-01-09T00:00:00Z
2026-01-12,58,greed,2026-01-12T00:00:00Z
2026-01-13,59.085714,greed,2026-01-13T00:00:00Z
2026-01-14,58.628571,greed,2026-01-14T00:00:00Z
2026-01-15,63.657143,greed,2026-01-15T00:00:00Z
2026-01-16,63.771429,greed,2026-01-16T00:00:00Z
2026-01-20,50.857143,neutral,2026-01-20T00:00:00Z
2026-01-21,53.857143,neutral,2026-01-21T00:00:00Z
2026-01-22,54.771429,neutral,2026-01-22T00:00:00Z
2026-01-23,54.885714,neutral,2026-01-23T00:00:00Z
2026-01-26,57.657143,greed,2026-01-26T00:00:00Z
2026-01-27,64.971429,greed,2026-01-27T00:00:00Z
2026-01-28,65.542857,greed,2026-01-28T00:00:00Z
2026-01-29,63.828571,greed,2026-01-29T00:00:00Z
2026-01-30,58.6,greed,2026-01-30T00:00:00Z
2026-02-02,63.4,greed,2026-02-02T00:00:00Z
2026-02-03,43.342857,fear,2026-02-03T00:00:00Z
2026-02-04,47.228571,neutral,2026-02-04T00:00:00Z
2026-02-05,34.942857,fear,2026-02-05T00:00:00Z
2026-02-06,45.371429,neutral,2026-02-06T00:00:00Z
2026-02-09,48.485714,neutral,2026-02-09T00:00:00Z
2026-02-10,47.228571,neutral,2026-02-10T00:00:00Z
2026-02-11,49.914286,neutral,2026-02-11T00:00:00Z
2026-02-12,36.357143,fear,2026-02-12T00:00:00Z
2026-02-13,33.842857,fear,2026-02-13T00:00:00Z
2026-02-17,33.314286,fear,2026-02-17T00:00:00Z
2026-02-18,34.157143,fear,2026-02-18T00:00:00Z
2026-02-19,34.4,fear,2026-02-19T00:00:00Z
2026-02-20,42.342857,fear,2026-02-20T00:00:00Z
2026-02-23,32.542857,fear,2026-02-23T00:00:00Z
2026-02-24,40.257143,fear,2026-02-24T00:00:00Z
2026-02-25,43.142857,fear,2026-02-25T00:00:00Z
2026-02-26,42.914286,fear,2026-02-26T00:00:00Z
2026-02-27,41.171429,fear,2026-02-27T00:00:00Z
2026-03-02,34.285714,fear,2026-03-02T00:00:00Z
2026-03-03,31.628571,fear,2026-03-03T00:00:00Z
2026-03-04,33.071429,fear,2026-03-04T00:00:00Z
2026-03-05,31.628571,fear,2026-03-05T00:00:00Z
2026-03-06,25.257143,fear,2026-03-06T00:00:00Z
2026-03-09,22.228571,extreme fear,2026-03-09T00:00:00Z
2026-03-10,20.271429,extreme fear,2026-03-10T00:00:00Z
2026-03-11,18.314286,extreme fear,2026-03-11T00:00:00Z
2026-03-13,16.671429,extreme fear,2026-03-13T00:00:00Z
2026-03-16,23.914286,extreme fear,2026-03-16T00:00:00Z
2026-03-17,22.885714,extreme fear,2026-03-17T00:00:00Z
2026-03-18,13.614286,extreme fear,2026-03-18T00:00:00Z
2026-03-19,18.314286,extreme fear,2026-03-19T00:00:00Z
2026-03-20,8.4,extreme fear,2026-03-20T00:00:00Z
2026-03-23,11.628571,extreme fear,2026-03-23T00:00:00Z
2026-03-24,10.357143,extreme fear,2026-03-24T00:00:00Z
2026-03-25,16.542857,extreme fear,2026-03-25T00:00:00Z
2026-03-26,10.257143,extreme fear,2026-03-26T00:00:00Z
2026-03-27,8.171429,extreme fear,2026-03-27T00:00:00Z
2026-03-30,5.771429,extreme fear,2026-03-30T00:00:00Z
2026-03-31,14.885714,extreme fear,2026-03-31T00:00:00Z
2026-04-01,15.857143,extreme fear,2026-04-01T00:00:00Z
2026-04-02,18.285714,extreme fear,2026-04-02T00:00:00Z
2026-04-06,21.857143,extreme fear,2026-04-06T00:00:00Z
2026-04-07,21.571429,extreme fear,2026-04-07T00:00:00Z
2026-04-08,29.171429,fear,2026-04-08T00:00:00Z
2026-04-09,33.8,fear,2026-04-09T00:00:00Z
2026-04-10,38.057143,fear,2026-04-10T00:00:00Z
2026-04-13,40.971429,fear,2026-04-13T00:00:00Z
2026-04-14,47.257143,neutral,2026-04-14T00:00:00Z
2026-04-15,56.2,greed,2026-04-15T00:00:00Z
2026-04-16,61.485714,greed,2026-04-16T00:00:00Z
2026-04-17,68.571429,greed,2026-04-17T00:00:00Z
2026-04-20,69.971429,greed,2026-04-20T00:00:00Z
2026-04-21,67.571429,greed,2026-04-21T00:00:00Z
2026-04-22,68.457143,greed,2026-04-22T00:00:00Z
2026-04-23,66.171429,greed,2026-04-23T00:00:00Z
2026-04-24,65.4,greed,2026-04-24T00:00:00Z
2026-04-27,66.285714,greed,2026-04-27T00:00:00Z
2026-04-28,67.428571,greed,2026-04-28T00:00:00Z
2026-04-29,66.228571,greed,2026-04-29T00:00:00Z
2026-04-30,69.514286,greed,2026-04-30T00:00:00Z
2026-05-01,71.171429,greed,2026-05-01T00:00:00Z
2026-05-04,66.885714,greed,2026-05-04T00:00:00Z
2026-05-05,67.257143,greed,2026-05-05T00:00:00Z
2026-05-06,68.742857,greed,2026-05-06T00:00:00Z
2026-05-07,67.285714,greed,2026-05-07T00:00:00Z
2026-05-08,67.285714,greed,2026-05-08T00:00:00Z
2026-05-11,66.628571,greed,2026-05-11T00:00:00Z
2026-05-12,65.685714,greed,2026-05-12T00:00:00Z
2026-05-13,64.971429,greed,2026-05-13T00:00:00Z
2026-05-14,65.914286,greed,2026-05-14T00:00:00Z
2026-05-15,63.228571,greed,2026-05-15T00:00:00Z
2026-05-18,62.085714,greed,2026-05-18T00:00:00Z
2026-05-19,59.257143,greed,2026-05-19T00:00:00Z
2026-05-20,60.514286,greed,2026-05-20T00:00:00Z
2026-05-21,57.514286,greed,2026-05-21T00:00:00Z
2026-05-22,58.228571,greed,2026-05-22T00:00:00Z
2026-05-26,59.828571,greed,2026-05-26T00:00:00Z
2026-05-27,60.628571,greed,2026-05-27T00:00:00Z
2026-05-28,60.714286,greed,2026-05-28T00:00:00Z
2026-05-29,60.457143,greed,2026-05-29T00:00:00Z
2026-06-01,59.457143,greed,2026-06-01T00:00:00Z
2026-06-02,56.971429,greed,2026-06-02T00:00:00Z
2026-06-03,54.628571,neutral,2026-06-03T00:00:00Z
2026-06-04,54.571429,neutral,2026-06-04T00:00:00Z
2026-06-05,41.857143,fear,2026-06-05T00:00:00Z
2026-06-08,39.371429,fear,2026-06-08T00:00:00Z
2026-06-09,33.771429,fear,2026-06-09T00:00:00Z
2026-06-10,27.285714,fear,2026-06-10T00:00:00Z
2026-06-11,29.685714,fear,2026-06-11T00:00:00Z
2026-06-12,33.514286,fear,2026-06-12T00:00:00Z
2026-06-15,40.142857,fear,2026-06-15T00:00:00Z
2026-06-16,39.514286,fear,2026-06-16T00:00:00Z
2026-06-17,32.942857,fear,2026-06-17T00:00:00Z
2026-06-18,37.342857,fear,2026-06-18T00:00:00Z
2026-06-22,33.942857,fear,2026-06-22T00:00:00Z
2026-06-23,28.457143,fear,2026-06-23T00:00:00Z
2026-06-24,26.457143,fear,2026-06-24T00:00:00Z
2026-06-25,25.428571,fear,2026-06-25T00:00:00Z
2026-06-26,24.657143,extreme fear,2026-06-26T00:00:00Z
2026-06-29,26.857143,fear,2026-06-29T00:00:00Z
2026-06-30,29.971429,fear,2026-06-30T00:00:00Z
2026-07-01,31.628571,fear,2026-07-01T00:00:00Z
2026-07-02,32.542857,fear,2026-07-02T00:00:00Z
2026-07-06,41.657143,fear,2026-07-06T00:00:00Z
2026-07-07,39.771429,fear,2026-07-07T00:00:00Z
2026-07-08,38.628571,fear,2026-07-08T00:00:00Z
2026-07-09,44.714286,fear,2026-07-09T00:00:00Z
2026-07-10,46.828571,neutral,2026-07-10T00:00:00Z
2026-07-13,40.857143,fear,2026-07-13T00:00:00Z
2026-07-14,41.057143,fear,2026-07-14T00:00:00Z
2026-07-16,41.2,fear,2026-07-16T00:00:00Z
2026-07-17,37.228571,fear,2026-07-17T00:00:00Z
2026-07-20,37.942857,fear,2026-07-20T00:00:00Z
2026-07-21,43.371429,fear,2026-07-21T00:00:00Z
2026-07-22,43.314286,fear,2026-07-22T00:00:00Z
2026-07-23,38.914286,fear,2026-07-23T00:00:00Z
2026-07-24,41.342857,fear,2026-07-24T00:00:00Z
2026-07-27,37.628571,fear,2026-07-27T00:00:00Z
2026-07-28,37.885714,fear,2026-07-28T00:00:00Z
2026-07-29,34.657143,fear,2026-07-29T00:00:00Z
2026-07-30,40.714286,fear,2026-07-30T00:00:00Z
2026-07-31,42.457143,fear,2026-07-31T23:59:52Z
2026-08-03,45.828571,neutral,2026-08-03T23:59:53Z
